track_id_x,track_name_x,track_number,track_popularity,explicit,artist_name_x,artist_popularity,artist_followers,artist_genres,album_id,album_name,album_release_date,album_total_tracks,album_type,track_duration_min,merge_key,artist_name_y,track_id_y,track_name_y,acousticness,danceability,duration_ms,energy,instrumentalness,key,liveness,loudness,mode,speechiness,tempo,time_signature,valence,popularity,track_genre
68HyvTUsmlpH1UJo9tn5v3,Zombie,66,0,False,The Cranberries,76,5401129,,4UkEvuAF0oirvH9HUAWSnk,The Best 90s Album In The World...Ever!,2021-05-25,77,compilation,5.12,zombie_the cranberries,The Cranberries,6XKv6ZUpghrz96imZfpOX3,Zombie,0.0139,0.309,308293,0.64,0.00343,7,0.367,-8.915,1,0.034,166.96900000000002,4,0.2739999999999999,20,rock
4nyY8oVjbX2d4qzlpiVM5n,Ruin My Life,9,74,True,Zara Larsson,77,10912927,,79y7DSLFQH3907u4ysOMGr,Poster Girl,2021-03-05,12,album,3.16,ruin my life_zara larsson,Zara Larsson,5tAa8Uaqr4VvA3693mbIhU,Ruin My Life,0.423,0.665,190932,0.6990000000000001,0.0,11,0.0969,-5.265,1,0.0578,124.896,4,0.585,86,electro
4nyY8oVjbX2d4qzlpiVM5n,Ruin My Life,9,74,True,Zara Larsson,77,10912927,,79y7DSLFQH3907u4ysOMGr,Poster Girl,2021-03-05,12,album,3.16,ruin my life_zara larsson,Zara Larsson,5tAa8Uaqr4VvA3693mbIhU,Ruin My Life,0.423,0.665,190932,0.6990000000000001,0.0,11,0.0969,-5.265,1,0.0578,124.896,4,0.585,86,house
11FvynPeozvRw769iN9kV7,Call Out My Name,11,46,False,The Weeknd,93,112957721,"r&b pop, alternative r&b, hip hop, synthpop",5L5evi5tJPh8WaEFAQp7Tp,The Highlights,2021-02-05,18,compilation,3.8,call out my name_the weeknd,The Weeknd,4MPTj8lMMvxLwT3EwuXFop,Call Out My Name,0.211,0.449,228373,0.599,0.0,1,0.327,-4.892,1,0.0369,134.144,3,0.165,82,pop
7t3Xdbufg7q2onVsR8RBdY,Fire On Fire,5,78,False,Sam Smith,81,26275803,soft pop,5XCBX16KNYsAe7V5hQV9mC,Love Goes,2020-10-30,17,album,4.11,fire on fire_sam smith,Sam Smith,5rFj8OzffT0iggSjcBaeND,Fire On Fire,0.513,0.598,246735,0.419,0.0,1,0.17,-7.382999999999999,0,0.0473,114.938,4,0.33,85,dance
7DnAm9FOTWE3cUvso43HhI,Sweet but Psycho,16,82,False,Ava Max,77,7750481,,26c7MmQ4w8EAvVLb4jilaM,Heaven & Hell,2020-09-18,16,album,3.12,sweet but psycho_ava max,Ava Max,25sgk305KZfyuqVBQIahim,Sweet but Psycho,0.0691,0.7190000000000001,187436,0.7040000000000001,0.0,1,0.166,-4.724,1,0.0476,133.002,4,0.628,96,dance
2rRJrJEo19S2J82BDsQ3F7,Falling,10,1,False,Trevor Daniel,59,927692,,1Hy76RlNvOHe6cpih1RxXq,Nicotine,2020-03-26,10,album,2.65,falling_trevor daniel,Trevor Daniel,4TnjEaWOeW0eKTKIEvJyCa,Falling,0.123,0.784,159382,0.43,0.0,10,0.0887,-8.756,0,0.0364,127.087,4,0.236,69,pop
6iWEhoALoBFnQMNVhYY0Sc,You're Somebody Else,11,67,False,flora cash,56,346992,,0C61FN9PR7AocB3A0E4Fvw,"Baby, It's Okay",2020-03-06,12,album,3.65,you're somebody else_flora cash,flora cash,0pdKRp2sUthTPe7RLWpPqQ,You're Somebody Else,0.841,0.713,218883,0.452,0.0038,1,0.105,-9.638,1,0.0295,102.963,4,0.235,77,indie-pop
6iWEhoALoBFnQMNVhYY0Sc,You're Somebody Else,11,67,False,flora cash,56,346992,,0C61FN9PR7AocB3A0E4Fvw,"Baby, It's Okay",2020-03-06,12,album,3.65,you're somebody else_flora cash,flora cash,0pdKRp2sUthTPe7RLWpPqQ,You're Somebody Else,0.841,0.713,218883,0.452,0.0038,1,0.105,-9.638,1,0.0295,102.963,4,0.235,77,indie
6FZDfxM3a3UCqtzo5pxSLZ,Without Me,9,83,True,Halsey,80,22396044,,68enXe5XcJdciSDAZr0Alr,Manic,2020-01-17,16,album,3.36,without me_halsey,Halsey,5p7ujcrUXASCNwRaWNHR1C,Without Me,0.297,0.752,201661,0.488,9.11e-06,6,0.0936,-7.05,1,0.0705,136.041,4,0.5329999999999999,96,dance
6FZDfxM3a3UCqtzo5pxSLZ,Without Me,9,83,True,Halsey,80,22396044,,68enXe5XcJdciSDAZr0Alr,Manic,2020-01-17,16,album,3.36,without me_halsey,Halsey,5p7ujcrUXASCNwRaWNHR1C,Without Me,0.297,0.752,201661,0.488,9.11e-06,6,0.0936,-7.05,1,0.0705,136.041,4,0.5329999999999999,96,electro
6FZDfxM3a3UCqtzo5pxSLZ,Without Me,9,83,True,Halsey,80,22396044,,68enXe5XcJdciSDAZr0Alr,Manic,2020-01-17,16,album,3.36,without me_halsey,Halsey,5p7ujcrUXASCNwRaWNHR1C,Without Me,0.297,0.752,201661,0.488,9.11e-06,6,0.0936,-7.05,1,0.0705,136.041,4,0.5329999999999999,96,indie-pop
6FZDfxM3a3UCqtzo5pxSLZ,Without Me,9,83,True,Halsey,80,22396044,,68enXe5XcJdciSDAZr0Alr,Manic,2020-01-17,16,album,3.36,without me_halsey,Halsey,5p7ujcrUXASCNwRaWNHR1C,Without Me,0.297,0.752,201661,0.488,9.11e-06,6,0.0936,-7.05,1,0.0705,136.041,4,0.5329999999999999,96,indie
6FZDfxM3a3UCqtzo5pxSLZ,Without Me,9,83,True,Halsey,80,22396044,,68enXe5XcJdciSDAZr0Alr,Manic,2020-01-17,16,album,3.36,without me_halsey,Halsey,5p7ujcrUXASCNwRaWNHR1C,Without Me,0.297,0.752,201661,0.488,9.11e-06,6,0.0936,-7.05,1,0.0705,136.041,4,0.5329999999999999,96,pop
4EuGBkrWOuapwX9GSIVEB0,Dirt On My Boots,18,40,False,Jon Pardi,73,2338518,"country, acoustic country",1iHPUub9fsspO1ecn1Pueq,Good Morning Music: Country Jams,2019-11-15,20,compilation,3.36,dirt on my boots_jon pardi,Jon Pardi,4Ry0uTWn0HwvmutsEMamhJ,Dirt On My Boots,0.106,0.6829999999999999,201460,0.78,0.0,1,0.193,-4.117,1,0.0287,89.99700000000001,4,0.528,31,rock
4pfhgOylRLcBll5JjUsJZj,Let's Fall in Love for the Night,6,66,True,FINNEAS,69,2356803,,2b7DunZFOVCs0QgiTI1FJW,Blood Harmony,2019-10-04,7,album,3.17,let's fall in love for the night_finneas,FINNEAS,7kQkmyoHCEqwe7QwDbkSXM,Let's Fall in Love for the Night,0.802,0.737,190348,0.408,0.0,5,0.171,-7.941,1,0.104,127.921,4,0.374,70,electro
4pfhgOylRLcBll5JjUsJZj,Let's Fall in Love for the Night,6,66,True,FINNEAS,69,2356803,,2b7DunZFOVCs0QgiTI1FJW,Blood Harmony,2019-10-04,7,album,3.17,let's fall in love for the night_finneas,FINNEAS,7kQkmyoHCEqwe7QwDbkSXM,Let's Fall in Love for the Night,0.802,0.737,190348,0.408,0.0,5,0.171,-7.941,1,0.104,127.921,4,0.374,70,indie-pop
4pfhgOylRLcBll5JjUsJZj,Let's Fall in Love for the Night,6,66,True,FINNEAS,69,2356803,,2b7DunZFOVCs0QgiTI1FJW,Blood Harmony,2019-10-04,7,album,3.17,let's fall in love for the night_finneas,FINNEAS,7kQkmyoHCEqwe7QwDbkSXM,Let's Fall in Love for the Night,0.802,0.737,190348,0.408,0.0,5,0.171,-7.941,1,0.104,127.921,4,0.374,70,indie
0Rx0DJI556Ix5gBny6EWmn,Paradise,10,66,True,Bazzi,66,5506553,,4ZKdRW0AH9sxV09NmWsTkW,Soul Searching,2019-08-09,11,album,2.81,paradise_bazzi,Bazzi,7njKgVl3AnLflRad38o7AG,Paradise,0.0828,0.8440000000000001,169038,0.644,0.0,11,0.113,-6.273,0,0.0479,122.061,4,0.591,83,electro
1SBuYdJK3a3NU55nGomgAe,Kryptonite,5,53,False,3 Doors Down,71,4908790,post-grunge,3jpYIjli4tGKeVlqCl5ipC,Acoustic Back Porch Jam,2019-07-25,6,single,3.92,kryptonite_3 doors down,3 Doors Down,4h2wAqBUu9jaTAdrLttSRh,Kryptonite,0.24,0.608,235360,0.835,0.0,11,0.3,-6.157,0,0.0282,97.991,4,0.68,51,alt-rock
1SBuYdJK3a3NU55nGomgAe,Kryptonite,5,53,False,3 Doors Down,71,4908790,post-grunge,3jpYIjli4tGKeVlqCl5ipC,Acoustic Back Porch Jam,2019-07-25,6,single,3.92,kryptonite_3 doors down,3 Doors Down,4h2wAqBUu9jaTAdrLttSRh,Kryptonite,0.24,0.608,235360,0.835,0.0,11,0.3,-6.157,0,0.0282,97.991,4,0.68,51,alternative
1SBuYdJK3a3NU55nGomgAe,Kryptonite,5,53,False,3 Doors Down,71,4908790,post-grunge,3jpYIjli4tGKeVlqCl5ipC,Acoustic Back Porch Jam,2019-07-25,6,single,3.92,kryptonite_3 doors down,3 Doors Down,4h2wAqBUu9jaTAdrLttSRh,Kryptonite,0.24,0.608,235360,0.835,0.0,11,0.3,-6.157,0,0.0282,97.991,4,0.68,51,rock
22vgEDb5hykfaTwLuskFGD,Sucker,1,79,False,Jonas Brothers,75,7761454,,1Uf67JAtkVWfdydzFFqNF2,Happiness Begins,2019-06-07,14,album,3.01,sucker_jonas brothers,Jonas Brothers,4y3OI86AEP6PQoDE6olYhO,Sucker,0.0427,0.8420000000000001,181040,0.7340000000000001,0.0,1,0.106,-5.065,0,0.0588,137.958,4,0.952,98,dance
7qEHsqek33rTcFNT9PFqLf,Someone You Loved,4,86,False,Lewis Capaldi,79,14039018,soft pop,5658aM19fA3JVwTK6eQX70,Divinely Uninspired To A Hellish Extent,2019-05-17,12,album,3.03,someone you loved_lewis capaldi,Lewis Capaldi,2TIlqbIneP0ZY1O0EzYLlc,Someone You Loved,0.7509999999999999,0.501,182161,0.405,0.0,1,0.105,-5.678999999999999,1,0.0319,109.891,4,0.446,92,pop
6IRdLKIyS4p7XNiP8r6rsx,all the good girls go to hell,5,72,False,Billie Eilish,90,118728633,"alternative pop, electropop, dark pop",0S0KGZnfBGSIssfF54WSJh,"WHEN WE ALL FALL ASLEEP, WHERE DO WE GO?",2019-03-29,14,album,2.81,all the good girls go to hell_billie eilish,Billie Eilish,6IRdLKIyS4p7XNiP8r6rsx,all the good girls go to hell,0.316,0.741,168840,0.447,0.121,8,0.187,-9.015,0,0.3879999999999999,184.98,4,0.551,91,electro
6IRdLKIyS4p7XNiP8r6rsx,all the good girls go to hell,5,72,False,Billie Eilish,90,118728633,"alternative pop, electropop, dark pop",0S0KGZnfBGSIssfF54WSJh,"WHEN WE ALL FALL ASLEEP, WHERE DO WE GO?",2019-03-29,14,album,2.81,all the good girls go to hell_billie eilish,Billie Eilish,6IRdLKIyS4p7XNiP8r6rsx,all the good girls go to hell,0.316,0.741,168840,0.447,0.121,8,0.187,-9.015,0,0.3879999999999999,184.98,4,0.551,91,pop
2Fxmhks0bxGSBdJ92vM42m,bad guy,2,82,False,Billie Eilish,90,118692183,"alternative pop, electropop, dark pop",0S0KGZnfBGSIssfF54WSJh,"WHEN WE ALL FALL ASLEEP, WHERE DO WE GO?",2019-03-29,14,album,3.23,bad guy_billie eilish,Billie Eilish,2Fxmhks0bxGSBdJ92vM42m,bad guy,0.308,0.708,194088,0.418,0.093,0,0.1,-10.998,1,0.368,131.92600000000002,4,0.578,98,electro
2Fxmhks0bxGSBdJ92vM42m,bad guy,2,82,False,Billie Eilish,90,118692183,"alternative pop, electropop, dark pop",0S0KGZnfBGSIssfF54WSJh,"WHEN WE ALL FALL ASLEEP, WHERE DO WE GO?",2019-03-29,14,album,3.23,bad guy_billie eilish,Billie Eilish,2Fxmhks0bxGSBdJ92vM42m,bad guy,0.308,0.708,194088,0.418,0.093,0,0.1,-10.998,1,0.368,131.92600000000002,4,0.578,98,pop
4SSnFejRGlZikf02HLewEF,bury a friend,10,75,False,Billie Eilish,90,118728633,"alternative pop, electropop, dark pop",0S0KGZnfBGSIssfF54WSJh,"WHEN WE ALL FALL ASLEEP, WHERE DO WE GO?",2019-03-29,14,album,3.21,bury a friend_billie eilish,Billie Eilish,4SSnFejRGlZikf02HLewEF,bury a friend,0.752,0.888,193143,0.395,0.14,8,0.106,-14.645,1,0.324,120.058,4,0.162,93,electro
4SSnFejRGlZikf02HLewEF,bury a friend,10,75,False,Billie Eilish,90,118728633,"alternative pop, electropop, dark pop",0S0KGZnfBGSIssfF54WSJh,"WHEN WE ALL FALL ASLEEP, WHERE DO WE GO?",2019-03-29,14,album,3.21,bury a friend_billie eilish,Billie Eilish,4SSnFejRGlZikf02HLewEF,bury a friend,0.752,0.888,193143,0.395,0.14,8,0.106,-14.645,1,0.324,120.058,4,0.162,93,pop
3Fj47GNK2kUF0uaEDgXLaD,wish you were gay,6,73,False,Billie Eilish,90,118692183,"alternative pop, electropop, dark pop",0S0KGZnfBGSIssfF54WSJh,"WHEN WE ALL FALL ASLEEP, WHERE DO WE GO?",2019-03-29,14,album,3.69,wish you were gay_billie eilish,Billie Eilish,3Fj47GNK2kUF0uaEDgXLaD,wish you were gay,0.389,0.85,221543,0.353,6.68e-06,7,0.8,-10.267,1,0.3339999999999999,118.071,4,0.3289999999999999,92,electro
3XF5xLJHOQQRbWya6hBp7d,you should see me in a crown,4,75,False,Billie Eilish,90,118692183,"alternative pop, electropop, dark pop",0S0KGZnfBGSIssfF54WSJh,"WHEN WE ALL FALL ASLEEP, WHERE DO WE GO?",2019-03-29,14,album,3.01,you should see me in a crown_billie eilish,Billie Eilish,6vsV4D8BM6PioRr1UOx0n2,you should see me in a crown,0.479,0.6970000000000001,180567,0.552,0.127,1,0.147,-10.271,0,0.196,75.235,4,0.278,81,electro
3XF5xLJHOQQRbWya6hBp7d,you should see me in a crown,4,75,False,Billie Eilish,90,118692183,"alternative pop, electropop, dark pop",0S0KGZnfBGSIssfF54WSJh,"WHEN WE ALL FALL ASLEEP, WHERE DO WE GO?",2019-03-29,14,album,3.01,you should see me in a crown_billie eilish,Billie Eilish,6vsV4D8BM6PioRr1UOx0n2,you should see me in a crown,0.479,0.6970000000000001,180567,0.552,0.127,1,0.147,-10.271,0,0.196,75.235,4,0.278,81,pop
5naar7XewEOAjOywIp6Jjq,Remember When,9,69,False,Wallows,67,3002443,indie,7eed9MBclFPjjjvotfR2e9,Nothing Happens,2019-03-22,11,album,2.58,remember when_wallows,Wallows,5naar7XewEOAjOywIp6Jjq,Remember When,0.00112,0.504,155147,0.708,0.000424,11,0.7879999999999999,-5.896,0,0.0343,82.009,4,0.51,65,indie-pop
5naar7XewEOAjOywIp6Jjq,Remember When,9,69,False,Wallows,67,3002443,indie,7eed9MBclFPjjjvotfR2e9,Nothing Happens,2019-03-22,11,album,2.58,remember when_wallows,Wallows,5naar7XewEOAjOywIp6Jjq,Remember When,0.00112,0.504,155147,0.708,0.000424,11,0.7879999999999999,-5.896,0,0.0343,82.009,4,0.51,65,indie
4y3OI86AEP6PQoDE6olYhO,Sucker,1,2,False,Jonas Brothers,75,7761454,,4W0r9HOcuCC6Vh7aze2hwi,Sucker,2019-03-01,1,single,3.01,sucker_jonas brothers,Jonas Brothers,4y3OI86AEP6PQoDE6olYhO,Sucker,0.0427,0.8420000000000001,181040,0.7340000000000001,0.0,1,0.106,-5.065,0,0.0588,137.958,4,0.952,98,dance
3e9HZxeyfWwjeyPAMmWSSQ,"thank u, next",11,81,True,Ariana Grande,90,107389514,pop,2fYhqwDWXjbpjaIJPEfKFw,"thank u, next",2019-02-08,12,album,3.45,"thank u, next_ariana grande",Ariana Grande,2rPE9A1vEgShuZxxzR2tZH,"thank u, next",0.28,0.7240000000000001,207333,0.647,0.0,1,0.102,-5.642,1,0.0658,106.96,4,0.435,84,dance
6ocbgoVGwYJhOv1GgI9NsF,7 rings,10,84,True,Ariana Grande,90,107401919,pop,2fYhqwDWXjbpjaIJPEfKFw,"thank u, next",2019-02-08,12,album,2.97,7 rings_ariana grande,Ariana Grande,14msK75pk3pA33pzPVNtBF,7 rings,0.578,0.725,178640,0.321,0.0,1,0.0884,-10.744000000000002,0,0.3229999999999999,70.142,4,0.319,96,dance
6ocbgoVGwYJhOv1GgI9NsF,7 rings,10,84,True,Ariana Grande,90,107401919,pop,2fYhqwDWXjbpjaIJPEfKFw,"thank u, next",2019-02-08,12,album,2.97,7 rings_ariana grande,Ariana Grande,14msK75pk3pA33pzPVNtBF,7 rings,0.578,0.725,178640,0.321,0.0,1,0.0884,-10.744000000000002,0,0.3229999999999999,70.142,4,0.319,96,pop
4kV4N9D1iKVxx1KLvtTpjS,"break up with your girlfriend, i'm bored",12,74,True,Ariana Grande,90,107374593,pop,2fYhqwDWXjbpjaIJPEfKFw,"thank u, next",2019-02-08,12,album,3.17,"break up with your girlfriend, i'm bored_ariana grande",Ariana Grande,4kV4N9D1iKVxx1KLvtTpjS,"break up with your girlfriend, i'm bored",0.0421,0.726,190440,0.5539999999999999,0.0,5,0.106,-5.29,0,0.0917,169.99900000000002,4,0.335,97,dance
5WHTFyqSii0lmT9R21abT8,Don't Call Me Up,1,71,False,Mabel,62,2041565,,0syM7OUAhV7S6XmOa4nLUZ,Ivy To Roses (Mixtape),2019-01-18,15,album,2.97,don't call me up_mabel,Mabel,5WHTFyqSii0lmT9R21abT8,Don't Call Me Up,0.296,0.674,178480,0.8809999999999999,3.01e-06,9,0.0793,-2.853,1,0.147,98.994,4,0.2339999999999999,95,house
698ItKASDavgwZ3WjaWjtz,Faded,15,79,False,Alan Walker,78,41268567,,3nzuGtN3nXARvvecier4K0,Different World,2018-12-14,15,album,3.53,faded_alan walker,Alan Walker,698ItKASDavgwZ3WjaWjtz,Faded,0.0281,0.4679999999999999,212107,0.627,7.97e-06,6,0.11,-5.085,1,0.0476,179.642,4,0.159,81,electro
698ItKASDavgwZ3WjaWjtz,Faded,15,79,False,Alan Walker,78,41268567,,3nzuGtN3nXARvvecier4K0,Different World,2018-12-14,15,album,3.53,faded_alan walker,Alan Walker,698ItKASDavgwZ3WjaWjtz,Faded,0.0281,0.4679999999999999,212107,0.627,7.97e-06,6,0.11,-5.085,1,0.0476,179.642,4,0.159,81,house
6WmIyn2fx1PKQ0XDpYj4VR,Love It If We Made It,5,66,True,The 1975,76,7959873,,6PWXKiakqhI17mTYM4y6oY,A Brief Inquiry Into Online Relationships,2018-11-30,15,album,4.21,love it if we made it_the 1975,The 1975,6WmIyn2fx1PKQ0XDpYj4VR,Love It If We Made It,0.0007,0.472,252926,0.7509999999999999,2.2e-05,4,0.0954,-5.252999999999999,1,0.0374,180.08900000000003,4,0.0736,76,alt-rock
6WmIyn2fx1PKQ0XDpYj4VR,Love It If We Made It,5,66,True,The 1975,76,7959873,,6PWXKiakqhI17mTYM4y6oY,A Brief Inquiry Into Online Relationships,2018-11-30,15,album,4.21,love it if we made it_the 1975,The 1975,6WmIyn2fx1PKQ0XDpYj4VR,Love It If We Made It,0.0007,0.472,252926,0.7509999999999999,2.2e-05,4,0.0954,-5.252999999999999,1,0.0374,180.08900000000003,4,0.0736,76,alternative
4WzhjxvLP95y7AMDy0Atwb,Out Of Love,11,64,False,Alessia Cara,72,12274759,,0LzVdypBGpn6dGuHqVGwwt,The Pains Of Growing,2018-11-30,15,album,3.79,out of love_alessia cara,Alessia Cara,4WzhjxvLP95y7AMDy0Atwb,Out Of Love,0.8,0.492,227693,0.267,0.0,7,0.249,-9.25,1,0.0336,117.679,3,0.1369999999999999,76,electro
0Hijswm0F2WNL0vN5e4CyE,Let You Love Me,2,50,False,Rita Ora,68,8411391,,3hvk0iS7XgtSQdf7zfVTLF,Phoenix (Deluxe),2018-11-23,16,album,3.16,let you love me_rita ora,Rita Ora,6xtcFXSo8H9BZN637BMVKS,Let You Love Me,0.288,0.531,190000,0.8540000000000001,0.0,10,0.0773,-3.149,1,0.198,94.419,4,0.456,85,electro
0Hijswm0F2WNL0vN5e4CyE,Let You Love Me,2,50,False,Rita Ora,68,8411391,,3hvk0iS7XgtSQdf7zfVTLF,Phoenix (Deluxe),2018-11-23,16,album,3.16,let you love me_rita ora,Rita Ora,6xtcFXSo8H9BZN637BMVKS,Let You Love Me,0.288,0.531,190000,0.8540000000000001,0.0,10,0.0773,-3.149,1,0.198,94.419,4,0.456,85,house
1UDCuS38KBxXufAkkNNgVX,"Hey, Soul Sister",18,43,False,Train,70,4516207,soft pop,1bNlBFmUkqsRu6Fsa9jzAV,Feel Good Friday,2018-11-23,38,compilation,3.61,"hey, soul sister_train",Train,5SFJRXA0zX2xFIZHBXcnI5,"Hey, Soul Sister",0.17,0.67,216907,0.868,0.0,1,0.0826,-5.566,0,0.0417,97.053,4,0.772,53,rock
1BYZxKSf0aTxp8ZFoeyM3d,we fell in love in october,1,3,False,girl in red,73,8765920,bedroom pop,4oRcMHsdNG9IAF3xwv1kWu,we fell in love in october / forget her,2018-11-21,2,single,3.06,we fell in love in october_girl in red,girl in red,1BYZxKSf0aTxp8ZFoeyM3d,we fell in love in october,0.113,0.5660000000000001,184154,0.366,0.181,7,0.155,-12.808,1,0.0279999999999999,129.959,4,0.237,67,indie-pop
1BYZxKSf0aTxp8ZFoeyM3d,we fell in love in october,1,3,False,girl in red,73,8765920,bedroom pop,4oRcMHsdNG9IAF3xwv1kWu,we fell in love in october / forget her,2018-11-21,2,single,3.06,we fell in love in october_girl in red,girl in red,1BYZxKSf0aTxp8ZFoeyM3d,we fell in love in october,0.113,0.5660000000000001,184154,0.366,0.181,7,0.155,-12.808,1,0.0279999999999999,129.959,4,0.237,67,indie
6IPwKM3fUUzlElbvKw2sKl,we fell in love in october,1,87,False,girl in red,73,8765920,bedroom pop,7vud0sY43VTv28MbWiglDa,we fell in love in october / October Passed Me By,2018-11-21,3,single,3.06,we fell in love in october_girl in red,girl in red,1BYZxKSf0aTxp8ZFoeyM3d,we fell in love in october,0.113,0.5660000000000001,184154,0.366,0.181,7,0.155,-12.808,1,0.0279999999999999,129.959,4,0.237,67,indie-pop
6IPwKM3fUUzlElbvKw2sKl,we fell in love in october,1,87,False,girl in red,73,8765920,bedroom pop,7vud0sY43VTv28MbWiglDa,we fell in love in october / October Passed Me By,2018-11-21,3,single,3.06,we fell in love in october_girl in red,girl in red,1BYZxKSf0aTxp8ZFoeyM3d,we fell in love in october,0.113,0.5660000000000001,184154,0.366,0.181,7,0.155,-12.808,1,0.0279999999999999,129.959,4,0.237,67,indie
4IhKLu7Vk3j2TLmnFPl6To,Water Fountain,2,71,False,Alec Benjamin,72,5576552,,6jKZplJpy21R5lHaYHHjmZ,Narrated For You,2018-11-16,12,album,3.64,water fountain_alec benjamin,Alec Benjamin,4IhKLu7Vk3j2TLmnFPl6To,Water Fountain,0.3879999999999999,0.723,218893,0.504,7.4e-05,8,0.087,-5.572,1,0.0392,133.975,4,0.551,76,electro
2qxmye6gAegTMjLKEBoR3d,Let Me Down Slowly,4,81,False,Alec Benjamin,72,5576552,,6jKZplJpy21R5lHaYHHjmZ,Narrated For You,2018-11-16,12,album,2.82,let me down slowly_alec benjamin,Alec Benjamin,2qxmye6gAegTMjLKEBoR3d,Let Me Down Slowly,0.74,0.652,169354,0.557,0.0,1,0.124,-5.714,0,0.0318,150.07299999999998,4,0.483,94,electro
2qxmye6gAegTMjLKEBoR3d,Let Me Down Slowly,4,81,False,Alec Benjamin,72,5576552,,6jKZplJpy21R5lHaYHHjmZ,Narrated For You,2018-11-16,12,album,2.82,let me down slowly_alec benjamin,Alec Benjamin,2qxmye6gAegTMjLKEBoR3d,Let Me Down Slowly,0.74,0.652,169354,0.557,0.0,1,0.124,-5.714,0,0.0318,150.07299999999998,4,0.483,94,pop
7pT6WSg4PCt4mr5ZFyUfsF,If We Have Each Other,1,75,False,Alec Benjamin,72,5577631,,6jKZplJpy21R5lHaYHHjmZ,Narrated For You,2018-11-16,12,album,3.02,if we have each other_alec benjamin,Alec Benjamin,7pT6WSg4PCt4mr5ZFyUfsF,If We Have Each Other,0.698,0.6559999999999999,181522,0.5770000000000001,0.0,10,0.296,-5.566,0,0.0802,173.09400000000002,4,0.861,77,electro
2RSHsoi04658QL5xgQVov3,Bad Liar,5,80,False,Imagine Dragons,85,58364373,,3JfSxDfmwS5OeHPwLSkrfr,Origins (Deluxe),2018-11-09,15,album,4.34,bad liar_imagine dragons,Imagine Dragons,2RSHsoi04658QL5xgQVov3,Bad Liar,0.0722,0.3829999999999999,260773,0.637,0.0,3,0.368,-6.992999999999999,1,0.0703,177.91299999999998,4,0.0827,90,rock
3EfBbEWfFUDzNh9r0LWIo3,Choke,2,37,False,I DONT KNOW HOW BUT THEY FOUND ME,57,1105899,,6JmnnC2r3mvEFugTomuxWG,1981 Extended Play,2018-11-09,6,single,3.26,choke_i dont know how but they found me,I DONT KNOW HOW BUT THEY FOUND ME,37mfTcSlX60JtAvAETytGs,Choke,0.00139,0.516,195717,0.85,0.0,4,0.296,-3.909,0,0.0706,120.324,4,0.583,61,alt-rock
3EfBbEWfFUDzNh9r0LWIo3,Choke,2,37,False,I DONT KNOW HOW BUT THEY FOUND ME,57,1105899,,6JmnnC2r3mvEFugTomuxWG,1981 Extended Play,2018-11-09,6,single,3.26,choke_i dont know how but they found me,I DONT KNOW HOW BUT THEY FOUND ME,37mfTcSlX60JtAvAETytGs,Choke,0.00139,0.516,195717,0.85,0.0,4,0.296,-3.909,0,0.0706,120.324,4,0.583,61,indie-pop
2FY7b99s15jUprqC0M5NCT,Natural,1,80,False,Imagine Dragons,85,58375520,,3JfSxDfmwS5OeHPwLSkrfr,Origins (Deluxe),2018-11-09,15,album,3.15,natural_imagine dragons,Imagine Dragons,2FY7b99s15jUprqC0M5NCT,Natural,0.217,0.7040000000000001,189467,0.611,0.0,2,0.0812,-6.112,1,0.0409,100.0,4,0.22,88,rock
2TIlqbIneP0ZY1O0EzYLlc,Someone You Loved,3,68,False,Lewis Capaldi,79,14045780,soft pop,0NVQ9k3wKmuK6T02lLMl6y,Breach,2018-11-08,4,single,3.03,someone you loved_lewis capaldi,Lewis Capaldi,2TIlqbIneP0ZY1O0EzYLlc,Someone You Loved,0.7509999999999999,0.501,182161,0.405,0.0,1,0.105,-5.678999999999999,1,0.0319,109.891,4,0.446,92,pop
2rPE9A1vEgShuZxxzR2tZH,"thank u, next",1,22,True,Ariana Grande,90,107401919,pop,684W6NpKllEexqQlGqetCi,"thank u, next",2018-11-03,1,single,3.45,"thank u, next_ariana grande",Ariana Grande,2rPE9A1vEgShuZxxzR2tZH,"thank u, next",0.28,0.7240000000000001,207333,0.647,0.0,1,0.102,-5.642,1,0.0658,106.96,4,0.435,84,dance
2wXioTynVwrEWYRv6R6vEj,Void,6,69,False,The Neighbourhood,83,21598900,,0ODLCdHBFVvKwJGeSfd1jy,Hard To Imagine The Neighbourhood Ever Changing,2018-11-02,21,album,3.39,void_the neighbourhood,The Neighbourhood,2wXioTynVwrEWYRv6R6vEj,Void,0.047,0.534,203667,0.5820000000000001,0.0328,5,0.0883,-7.912000000000001,1,0.0401,84.18299999999999,4,0.346,67,alt-rock
2wXioTynVwrEWYRv6R6vEj,Void,6,69,False,The Neighbourhood,83,21598900,,0ODLCdHBFVvKwJGeSfd1jy,Hard To Imagine The Neighbourhood Ever Changing,2018-11-02,21,album,3.39,void_the neighbourhood,The Neighbourhood,2wXioTynVwrEWYRv6R6vEj,Void,0.047,0.534,203667,0.5820000000000001,0.0328,5,0.0883,-7.912000000000001,1,0.0401,84.18299999999999,4,0.346,67,alternative
113xf7t4qNM7038YJvauik,Nervous,19,75,False,The Neighbourhood,83,21598900,,0ODLCdHBFVvKwJGeSfd1jy,Hard To Imagine The Neighbourhood Ever Changing,2018-11-02,21,album,4.08,nervous_the neighbourhood,The Neighbourhood,113xf7t4qNM7038YJvauik,Nervous,0.0213,0.589,245000,0.614,0.165,0,0.31,-7.528,0,0.0426,119.837,4,0.318,68,alt-rock
113xf7t4qNM7038YJvauik,Nervous,19,75,False,The Neighbourhood,83,21598900,,0ODLCdHBFVvKwJGeSfd1jy,Hard To Imagine The Neighbourhood Ever Changing,2018-11-02,21,album,4.08,nervous_the neighbourhood,The Neighbourhood,113xf7t4qNM7038YJvauik,Nervous,0.0213,0.589,245000,0.614,0.165,0,0.31,-7.528,0,0.0426,119.837,4,0.318,68,alternative
2xql0pid3EUwW38AsywxhV,Reflections,10,83,False,The Neighbourhood,83,21598900,,0ODLCdHBFVvKwJGeSfd1jy,Hard To Imagine The Neighbourhood Ever Changing,2018-11-02,21,album,4.06,reflections_the neighbourhood,The Neighbourhood,2xql0pid3EUwW38AsywxhV,Reflections,0.114,0.648,244013,0.594,0.0462,11,0.1159999999999999,-7.027,0,0.0293,113.983,4,0.544,62,alt-rock
2xql0pid3EUwW38AsywxhV,Reflections,10,83,False,The Neighbourhood,83,21598900,,0ODLCdHBFVvKwJGeSfd1jy,Hard To Imagine The Neighbourhood Ever Changing,2018-11-02,21,album,4.06,reflections_the neighbourhood,The Neighbourhood,2xql0pid3EUwW38AsywxhV,Reflections,0.114,0.648,244013,0.594,0.0462,11,0.1159999999999999,-7.027,0,0.0293,113.983,4,0.544,62,alternative
2xql0pid3EUwW38AsywxhV,Reflections,10,83,False,The Neighbourhood,83,21598900,,0ODLCdHBFVvKwJGeSfd1jy,Hard To Imagine The Neighbourhood Ever Changing,2018-11-02,21,album,4.06,reflections_the neighbourhood,The Neighbourhood,2xql0pid3EUwW38AsywxhV,Reflections,0.114,0.648,244013,0.594,0.0462,11,0.1159999999999999,-7.027,0,0.0293,113.983,4,0.544,62,rock
6TA5aymvVrtiPVbuAwmPIc,Scary Love,4,63,False,The Neighbourhood,83,21591569,,0ODLCdHBFVvKwJGeSfd1jy,Hard To Imagine The Neighbourhood Ever Changing,2018-11-02,21,album,3.71,scary love_the neighbourhood,The Neighbourhood,6TA5aymvVrtiPVbuAwmPIc,Scary Love,9.45e-05,0.595,222667,0.636,0.0529,5,0.196,-5.981,0,0.0312,112.008,4,0.147,70,alt-rock
6TA5aymvVrtiPVbuAwmPIc,Scary Love,4,63,False,The Neighbourhood,83,21591569,,0ODLCdHBFVvKwJGeSfd1jy,Hard To Imagine The Neighbourhood Ever Changing,2018-11-02,21,album,3.71,scary love_the neighbourhood,The Neighbourhood,6TA5aymvVrtiPVbuAwmPIc,Scary Love,9.45e-05,0.595,222667,0.636,0.0529,5,0.196,-5.981,0,0.0312,112.008,4,0.147,70,alternative
2K7xn816oNHJZ0aVqdQsha,Softcore,5,85,False,The Neighbourhood,83,21606569,,0ODLCdHBFVvKwJGeSfd1jy,Hard To Imagine The Neighbourhood Ever Changing,2018-11-02,21,album,3.43,softcore_the neighbourhood,The Neighbourhood,2K7xn816oNHJZ0aVqdQsha,Softcore,0.0484,0.575,206280,0.568,0.000417,9,0.286,-5.509,0,0.03,93.986,4,0.37,60,alt-rock
2K7xn816oNHJZ0aVqdQsha,Softcore,5,85,False,The Neighbourhood,83,21606569,,0ODLCdHBFVvKwJGeSfd1jy,Hard To Imagine The Neighbourhood Ever Changing,2018-11-02,21,album,3.43,softcore_the neighbourhood,The Neighbourhood,2K7xn816oNHJZ0aVqdQsha,Softcore,0.0484,0.575,206280,0.568,0.000417,9,0.286,-5.509,0,0.03,93.986,4,0.37,60,alternative
2K7xn816oNHJZ0aVqdQsha,Softcore,5,85,False,The Neighbourhood,83,21606569,,0ODLCdHBFVvKwJGeSfd1jy,Hard To Imagine The Neighbourhood Ever Changing,2018-11-02,21,album,3.43,softcore_the neighbourhood,The Neighbourhood,2K7xn816oNHJZ0aVqdQsha,Softcore,0.0484,0.575,206280,0.568,0.000417,9,0.286,-5.509,0,0.03,93.986,4,0.37,60,rock
7zwn1eykZtZ5LODrf7c0tS,You Get Me So High,9,80,False,The Neighbourhood,83,21591569,,0ODLCdHBFVvKwJGeSfd1jy,Hard To Imagine The Neighbourhood Ever Changing,2018-11-02,21,album,2.55,you get me so high_the neighbourhood,The Neighbourhood,7zwn1eykZtZ5LODrf7c0tS,You Get Me So High,0.186,0.551,153000,0.8809999999999999,0.0791,7,0.152,-6.099,0,0.0542,88.036,4,0.387,64,alt-rock
7zwn1eykZtZ5LODrf7c0tS,You Get Me So High,9,80,False,The Neighbourhood,83,21591569,,0ODLCdHBFVvKwJGeSfd1jy,Hard To Imagine The Neighbourhood Ever Changing,2018-11-02,21,album,2.55,you get me so high_the neighbourhood,The Neighbourhood,7zwn1eykZtZ5LODrf7c0tS,You Get Me So High,0.186,0.551,153000,0.8809999999999999,0.0791,7,0.152,-6.099,0,0.0542,88.036,4,0.387,64,alternative
7zwn1eykZtZ5LODrf7c0tS,You Get Me So High,9,80,False,The Neighbourhood,83,21591569,,0ODLCdHBFVvKwJGeSfd1jy,Hard To Imagine The Neighbourhood Ever Changing,2018-11-02,21,album,2.55,you get me so high_the neighbourhood,The Neighbourhood,7zwn1eykZtZ5LODrf7c0tS,You Get Me So High,0.186,0.551,153000,0.8809999999999999,0.0791,7,0.152,-6.099,0,0.0542,88.036,4,0.387,64,rock
0YNtAadZvKBBEFARtfoCV8,Compass,16,66,False,The Neighbourhood,83,21591569,,0ODLCdHBFVvKwJGeSfd1jy,Hard To Imagine The Neighbourhood Ever Changing,2018-11-02,21,album,2.79,compass_the neighbourhood,The Neighbourhood,0YNtAadZvKBBEFARtfoCV8,Compass,0.238,0.7,167960,0.82,0.318,5,0.6579999999999999,-5.499,0,0.0329,109.998,4,0.667,63,alt-rock
0YNtAadZvKBBEFARtfoCV8,Compass,16,66,False,The Neighbourhood,83,21591569,,0ODLCdHBFVvKwJGeSfd1jy,Hard To Imagine The Neighbourhood Ever Changing,2018-11-02,21,album,2.79,compass_the neighbourhood,The Neighbourhood,0YNtAadZvKBBEFARtfoCV8,Compass,0.238,0.7,167960,0.82,0.318,5,0.6579999999999999,-5.499,0,0.0329,109.998,4,0.667,63,alternative
7uoFMmxln0GPXQ0AcCBXRq,Snowman,3,77,False,Sia,82,30541347,,2vcGYJcPfXUmCdcXXqqukg,Everyday Is Christmas (Deluxe Edition),2018-11-01,13,album,2.76,snowman_sia,Sia,7uoFMmxln0GPXQ0AcCBXRq,Snowman,0.483,0.716,165907,0.512,0.0,1,0.0928,-6.257000000000001,1,0.0331,104.957,3,0.326,53,dance
43oK4OAWUsRZUDVeHtKI4U,New Rules,10,46,False,Dua Lipa,85,46891061,pop,0obMz8EHnr3dg6NCUK4xWp,Dua Lipa (Complete Edition),2018-10-19,25,album,3.48,new rules_dua lipa,Dua Lipa,43oK4OAWUsRZUDVeHtKI4U,New Rules,0.00261,0.762,209320,0.7,1.56e-05,9,0.153,-6.021,0,0.0694,116.073,4,0.608,59,dance
26XaOsDMbl0e1cVKYfkz6w,Falling,1,67,False,Trevor Daniel,59,927530,,4G213yPh3BOt160iYP4ZsV,Falling,2018-10-05,1,single,2.65,falling_trevor daniel,Trevor Daniel,4TnjEaWOeW0eKTKIEvJyCa,Falling,0.123,0.784,159382,0.43,0.0,10,0.0887,-8.756,0,0.0364,127.087,4,0.236,69,pop
3aauaXWRgwCMoykMbI0Jq1,I Feel Like I'm Drowning,3,76,False,Two Feet,67,2177177,,4ThJUigPBlok72LoKGk2g1,A 20 Something Fuck,2018-10-05,8,album,3.09,i feel like i'm drowning_two feet,Two Feet,3aauaXWRgwCMoykMbI0Jq1,I Feel Like I'm Drowning,0.708,0.7170000000000001,185520,0.5770000000000001,0.00428,8,0.0899,-5.436,1,0.0491,104.927,3,0.235,75,indie-pop
3aauaXWRgwCMoykMbI0Jq1,I Feel Like I'm Drowning,3,76,False,Two Feet,67,2177177,,4ThJUigPBlok72LoKGk2g1,A 20 Something Fuck,2018-10-05,8,album,3.09,i feel like i'm drowning_two feet,Two Feet,3aauaXWRgwCMoykMbI0Jq1,I Feel Like I'm Drowning,0.708,0.7170000000000001,185520,0.5770000000000001,0.00428,8,0.0899,-5.436,1,0.0491,104.927,3,0.235,75,indie
3aauaXWRgwCMoykMbI0Jq1,I Feel Like I'm Drowning,3,76,False,Two Feet,67,2177177,,4ThJUigPBlok72LoKGk2g1,A 20 Something Fuck,2018-10-05,8,album,3.09,i feel like i'm drowning_two feet,Two Feet,3aauaXWRgwCMoykMbI0Jq1,I Feel Like I'm Drowning,0.708,0.7170000000000001,185520,0.5770000000000001,0.00428,8,0.0899,-5.436,1,0.0491,104.927,3,0.235,75,rock
23OXdR7YuUBVWh5hSnYJau,Chlorine,5,76,False,Twenty One Pilots,83,25759662,,621cXqrTSSJi1WqDMSLmbL,Trench,2018-10-05,14,album,5.4,chlorine_twenty one pilots,Twenty One Pilots,23OXdR7YuUBVWh5hSnYJau,Chlorine,0.0735,0.609,324467,0.674,0.06,10,0.345,-7.388,0,0.0548,90.009,4,0.315,84,rock
5p7ujcrUXASCNwRaWNHR1C,Without Me,1,6,True,Halsey,80,22397897,,0zzrCTzvL4ZmR42xF46Afm,Without Me,2018-10-04,1,single,3.36,without me_halsey,Halsey,5p7ujcrUXASCNwRaWNHR1C,Without Me,0.297,0.752,201661,0.488,9.11e-06,6,0.0936,-7.05,1,0.0705,136.041,4,0.5329999999999999,96,dance
5p7ujcrUXASCNwRaWNHR1C,Without Me,1,6,True,Halsey,80,22397897,,0zzrCTzvL4ZmR42xF46Afm,Without Me,2018-10-04,1,single,3.36,without me_halsey,Halsey,5p7ujcrUXASCNwRaWNHR1C,Without Me,0.297,0.752,201661,0.488,9.11e-06,6,0.0936,-7.05,1,0.0705,136.041,4,0.5329999999999999,96,electro
5p7ujcrUXASCNwRaWNHR1C,Without Me,1,6,True,Halsey,80,22397897,,0zzrCTzvL4ZmR42xF46Afm,Without Me,2018-10-04,1,single,3.36,without me_halsey,Halsey,5p7ujcrUXASCNwRaWNHR1C,Without Me,0.297,0.752,201661,0.488,9.11e-06,6,0.0936,-7.05,1,0.0705,136.041,4,0.5329999999999999,96,indie-pop
5p7ujcrUXASCNwRaWNHR1C,Without Me,1,6,True,Halsey,80,22397897,,0zzrCTzvL4ZmR42xF46Afm,Without Me,2018-10-04,1,single,3.36,without me_halsey,Halsey,5p7ujcrUXASCNwRaWNHR1C,Without Me,0.297,0.752,201661,0.488,9.11e-06,6,0.0936,-7.05,1,0.0705,136.041,4,0.5329999999999999,96,indie
5p7ujcrUXASCNwRaWNHR1C,Without Me,1,6,True,Halsey,80,22397897,,0zzrCTzvL4ZmR42xF46Afm,Without Me,2018-10-04,1,single,3.36,without me_halsey,Halsey,5p7ujcrUXASCNwRaWNHR1C,Without Me,0.297,0.752,201661,0.488,9.11e-06,6,0.0936,-7.05,1,0.0705,136.041,4,0.5329999999999999,96,pop
65gLJGey4u4KFFqoC5fzFJ,Brother,10,71,False,Kodaline,66,3183814,,1ITjhViDumL9llxAJYdKiC,Politics of Living,2018-09-28,12,album,3.38,brother_kodaline,Kodaline,65gLJGey4u4KFFqoC5fzFJ,Brother,0.349,0.519,203187,0.625,0.0,10,0.121,-5.909,1,0.0482,120.103,4,0.21,61,rock
6xtcFXSo8H9BZN637BMVKS,Let You Love Me,1,56,False,Rita Ora,68,8411391,,4INRJMYMJrSPsf5mbW26Fm,Let You Love Me,2018-09-21,1,single,3.16,let you love me_rita ora,Rita Ora,6xtcFXSo8H9BZN637BMVKS,Let You Love Me,0.288,0.531,190000,0.8540000000000001,0.0,10,0.0773,-3.149,1,0.198,94.419,4,0.456,85,electro
6xtcFXSo8H9BZN637BMVKS,Let You Love Me,1,56,False,Rita Ora,68,8411391,,4INRJMYMJrSPsf5mbW26Fm,Let You Love Me,2018-09-21,1,single,3.16,let you love me_rita ora,Rita Ora,6xtcFXSo8H9BZN637BMVKS,Let You Love Me,0.288,0.531,190000,0.8540000000000001,0.0,10,0.0773,-3.149,1,0.198,94.419,4,0.456,85,house
6Up545NUflOiXo8cEraH49,You Say,5,74,False,Lauren Daigle,67,3134316,"christian, worship, ccm, christian pop",6pmoTLfsPpn0wisT3YFJSN,Look Up Child,2018-09-07,13,album,4.57,you say_lauren daigle,Lauren Daigle,3ngc7rGlfeFaskU90EWl4R,You Say,0.669,0.494,274693,0.637,0.0,5,0.0882,-6.381,1,0.0333,147.924,4,0.1,51,alt-rock
6Up545NUflOiXo8cEraH49,You Say,5,74,False,Lauren Daigle,67,3134316,"christian, worship, ccm, christian pop",6pmoTLfsPpn0wisT3YFJSN,Look Up Child,2018-09-07,13,album,4.57,you say_lauren daigle,Lauren Daigle,3ngc7rGlfeFaskU90EWl4R,You Say,0.669,0.494,274693,0.637,0.0,5,0.0882,-6.381,1,0.0333,147.924,4,0.1,51,alternative
6jreFSOTUAViWjKyzOC4Kg,REMEDY,1,62,False,Alesso,72,4034129,edm,0LOJHhz9ybWLVMLucHYtCe,REMEDY,2018-08-31,1,single,3.17,remedy_alesso,Alesso,6jreFSOTUAViWjKyzOC4Kg,REMEDY,0.2689999999999999,0.601,190295,0.775,0.0,0,0.0883,-4.612,1,0.0473,119.964,4,0.483,83,dance
6jreFSOTUAViWjKyzOC4Kg,REMEDY,1,62,False,Alesso,72,4034129,edm,0LOJHhz9ybWLVMLucHYtCe,REMEDY,2018-08-31,1,single,3.17,remedy_alesso,Alesso,6jreFSOTUAViWjKyzOC4Kg,REMEDY,0.2689999999999999,0.601,190295,0.775,0.0,0,0.0883,-4.612,1,0.0473,119.964,4,0.483,83,electro
6jreFSOTUAViWjKyzOC4Kg,REMEDY,1,62,False,Alesso,72,4034129,edm,0LOJHhz9ybWLVMLucHYtCe,REMEDY,2018-08-31,1,single,3.17,remedy_alesso,Alesso,6jreFSOTUAViWjKyzOC4Kg,REMEDY,0.2689999999999999,0.601,190295,0.775,0.0,0,0.0883,-4.612,1,0.0473,119.964,4,0.483,83,house
37nOpaUof3d4Xsmr6moAiI,Magic Shop,1,61,False,BTS,85,81181104,k-pop,43wFM1HquliY3iwKWzPN4y,Love Yourself 結 'Answer',2018-08-24,26,album,4.59,magic shop_bts,BTS,22ryCgQttpV7oCrn7llGRu,Magic Shop,0.103,0.541,275696,0.6609999999999999,0.0,1,0.0779,-5.837999999999999,1,0.0889,149.92600000000002,4,0.285,69,k-pop
0nUftNWYvNCWnjiyeujCR8,MIC Drop,6,57,False,BTS,85,81189603,k-pop,43wFM1HquliY3iwKWzPN4y,Love Yourself 結 'Answer',2018-08-24,26,album,3.96,mic drop_bts,BTS,72axIDDOCa3uaXZEIQZhnR,MIC Drop,0.00912,0.667,238193,0.889,0.0,6,0.0816,-4.851,1,0.0918,169.959,4,0.541,66,k-pop
60nwvOMLA1uzLHz3CLp4Na,Airplane pt.2,3,57,False,BTS,85,81197976,k-pop,43wFM1HquliY3iwKWzPN4y,Love Yourself 結 'Answer',2018-08-24,26,album,3.64,airplane pt.2_bts,BTS,1trFxVLL8WKhYap543e74l,Airplane pt.2,0.0268,0.769,218615,0.8170000000000001,9.95e-05,0,0.084,-4.092,0,0.0339,139.97899999999998,4,0.866,71,k-pop
453W8V5Ynwn6Tr28KuOwsO,Anpanman,5,59,False,BTS,85,81197976,k-pop,43wFM1HquliY3iwKWzPN4y,Love Yourself 結 'Answer',2018-08-24,26,album,3.88,anpanman_bts,BTS,01gUlvzAPiwB9Ekq9kGVCM,Anpanman,0.0237,0.813,232966,0.875,0.0,1,0.288,-2.92,0,0.0918,99.004,4,0.7559999999999999,70,k-pop
2X3UgVLSA4wYriGIQyYmMA,Answer : Love Myself,16,63,False,BTS,85,81181104,k-pop,43wFM1HquliY3iwKWzPN4y,Love Yourself 結 'Answer',2018-08-24,26,album,4.18,answer : love myself_bts,BTS,4eVkn18rN4GguUWOsR6Use,Answer : Love Myself,0.1889999999999999,0.569,251280,0.7929999999999999,0.0,1,0.111,-3.749,1,0.0405,108.048,4,0.45,72,k-pop
3xYfDSxJhRLDIb1fw71WTw,Best Of Me,2,57,False,BTS,85,81181104,k-pop,43wFM1HquliY3iwKWzPN4y,Love Yourself 結 'Answer',2018-08-24,26,album,3.78,best of me_bts,BTS,3KGEbCfnzAzFVimY9p62MN,Best Of Me,0.0298,0.6509999999999999,227191,0.7559999999999999,0.0,8,0.396,-4.388,1,0.0762,121.96,4,0.473,70,k-pop
6bSwpQYEguyMlkCoWiBt3Y,Trivia 承 : Love,6,57,False,BTS,85,81189603,k-pop,43wFM1HquliY3iwKWzPN4y,Love Yourself 結 'Answer',2018-08-24,26,album,3.76,trivia 承 : love_bts,BTS,6aHCXTCkPiB4zgXKpB7BHS,Trivia 承 : Love,0.246,0.7609999999999999,225698,0.7609999999999999,0.0,5,0.103,-5.721,0,0.0897,121.972,4,0.483,70,k-pop
4YDHRtzm0OGuieCTVQjVuk,Trivia 起 : Just Dance,2,60,False,BTS,85,81181104,k-pop,43wFM1HquliY3iwKWzPN4y,Love Yourself 結 'Answer',2018-08-24,26,album,3.75,trivia 起 : just dance_bts,BTS,0usLRFLmYXYahKNgXxsuJc,Trivia 起 : Just Dance,0.0907,0.723,225221,0.906,0.0,1,0.0771,-4.7780000000000005,0,0.2789999999999999,125.019,4,0.3979999999999999,71,k-pop
0mZI1NpihIVcho2f9MmqSW,Trivia 轉 : Seesaw,11,64,False,BTS,85,81197976,k-pop,43wFM1HquliY3iwKWzPN4y,Love Yourself 結 'Answer',2018-08-24,26,album,4.1,trivia 轉 : seesaw_bts,BTS,1ZPpGPko8oULTmi34rozMh,Trivia 轉 : Seesaw,0.181,0.7070000000000001,246334,0.7909999999999999,0.0,5,0.102,-4.481,0,0.035,106.985,4,0.6779999999999999,74,k-pop
1rLkzFZdokhx6Wcs80uvnw,Dimple,5,61,False,BTS,85,81189603,k-pop,43wFM1HquliY3iwKWzPN4y,Love Yourself 結 'Answer',2018-08-24,26,album,3.27,dimple_bts,BTS,0DrxFkuc1mpxdbUbssLQ4d,Dimple,0.142,0.612,196776,0.8440000000000001,0.0,5,0.287,-4.694,0,0.0756,134.868,4,0.653,70,k-pop
2ngmiq1KoYn3x25VOmvd8F,DNA,4,68,False,BTS,85,81189603,k-pop,43wFM1HquliY3iwKWzPN4y,Love Yourself 結 'Answer',2018-08-24,26,album,3.71,dna_bts,BTS,6Z7m5DLNPOaPg9T6nXK0rQ,DNA,0.0223,0.599,223123,0.774,0.0,1,0.0669,-4.013999999999999,0,0.0541,129.819,4,0.696,72,k-pop
6L88EH68XwlaXwvChlTS41,Epiphany,13,67,False,BTS,85,81189603,k-pop,43wFM1HquliY3iwKWzPN4y,Love Yourself 結 'Answer',2018-08-24,26,album,4.0,epiphany_bts,BTS,7L8hkKW4hnemNfuOfEZcle,Epiphany,0.29,0.509,240362,0.5579999999999999,0.0,2,0.131,-6.369,0,0.0276,135.879,4,0.327,74,k-pop
5YMXGBD6vcYP7IolemyLtK,Euphoria,1,72,False,BTS,85,81189603,k-pop,43wFM1HquliY3iwKWzPN4y,Love Yourself 結 'Answer',2018-08-24,26,album,3.81,euphoria_bts,BTS,3p6hnejEQYXkiTO1lAzVc0,Euphoria,0.3939999999999999,0.637,228615,0.799,0.0,2,0.0921,-4.519,1,0.0338,104.995,4,0.562,78,k-pop
5YMXGBD6vcYP7IolemyLtK,Euphoria,1,72,False,BTS,85,81189603,k-pop,43wFM1HquliY3iwKWzPN4y,Love Yourself 結 'Answer',2018-08-24,26,album,3.81,euphoria_bts,BTS,3p6hnejEQYXkiTO1lAzVc0,Euphoria,0.3939999999999999,0.637,228615,0.799,0.0,2,0.0921,-4.519,1,0.0338,104.995,4,0.562,78,pop
6a0gRYXKK0YU69cXaB2RrK,FAKE LOVE,9,60,False,BTS,85,81181104,k-pop,43wFM1HquliY3iwKWzPN4y,Love Yourself 結 'Answer',2018-08-24,26,album,4.03,fake love_bts,BTS,3aW0ds4A4tSQDIp75FqWTo,FAKE LOVE,0.00267,0.557,242334,0.7190000000000001,0.0,2,0.306,-4.515,0,0.0372,77.501,4,0.344,80,k-pop
6a0gRYXKK0YU69cXaB2RrK,FAKE LOVE,9,60,False,BTS,85,81181104,k-pop,43wFM1HquliY3iwKWzPN4y,Love Yourself 結 'Answer',2018-08-24,26,album,4.03,fake love_bts,BTS,3aW0ds4A4tSQDIp75FqWTo,FAKE LOVE,0.00267,0.557,242334,0.7190000000000001,0.0,2,0.306,-4.515,0,0.0372,77.501,4,0.344,80,pop
2ApfJvLr7RbhJl6NOVhEu6,Singularity,8,60,False,BTS,85,81197976,k-pop,43wFM1HquliY3iwKWzPN4y,Love Yourself 結 'Answer',2018-08-24,26,album,3.28,singularity_bts,BTS,3gpU0uqDonMBKEcJu4Rzsf,Singularity,0.5539999999999999,0.775,196998,0.271,0.00285,1,0.1119999999999999,-9.131,0,0.092,104.001,3,0.204,72,k-pop
4kZoZfj7IBg8eo1JZ2vsGO,Go Go,4,58,False,BTS,85,81181104,k-pop,43wFM1HquliY3iwKWzPN4y,Love Yourself 結 'Answer',2018-08-24,26,album,3.92,go go_bts,BTS,1ok4gxOv8cg5WLjWK6TQhD,Go Go,0.171,0.856,235780,0.617,0.0,10,0.0857,-5.308,0,0.0841,136.082,4,0.759,70,k-pop
7HYJqAMbKDJYRyEfUGOCBB,I'm Fine,14,64,False,BTS,85,81181104,k-pop,43wFM1HquliY3iwKWzPN4y,Love Yourself 結 'Answer',2018-08-24,26,album,4.0,i'm fine_bts,BTS,0EQMrxdeiBhry9JCxskko3,I'm Fine,0.00852,0.51,240339,0.8420000000000001,0.0,11,0.346,-2.782,0,0.103,87.605,4,0.302,75,k-pop
54azQnjuDYDFfImXimGFsA,IDOL,10,57,False,BTS,85,81181104,k-pop,43wFM1HquliY3iwKWzPN4y,Love Yourself 結 'Answer',2018-08-24,26,album,4.33,idol_bts,BTS,2AIWoHr9DF6y4KALCBKWQS,IDOL,0.00481,0.7340000000000001,222732,0.855,0.0,9,0.123,-3.2110000000000003,1,0.118,126.035,4,0.422,79,k-pop
5OCJzvD7sykQEKHH7qAC3C,God is a woman,5,77,True,Ariana Grande,90,107389514,pop,3tx8gQqWbGwqIGZHqDNrGe,Sweetener,2018-08-17,15,album,3.29,god is a woman_ariana grande,Ariana Grande,5OCJzvD7sykQEKHH7qAC3C,God is a woman,0.0233,0.602,197547,0.6579999999999999,6e-05,1,0.237,-5.934,1,0.0558,145.031,4,0.268,86,dance
2qT1uLXPVPzGgFOx4jtEuo,no tears left to cry,10,79,False,Ariana Grande,90,107401919,pop,3tx8gQqWbGwqIGZHqDNrGe,Sweetener,2018-08-17,15,album,3.43,no tears left to cry_ariana grande,Ariana Grande,5SxkdsY1ufZzoq9iXceLw9,No Tears Left To Cry,0.0375,0.703,205947,0.696,5.65e-06,0,0.2739999999999999,-5.482,1,0.0529,121.969,4,0.366,33,dance
2qT1uLXPVPzGgFOx4jtEuo,no tears left to cry,10,79,False,Ariana Grande,90,107401919,pop,3tx8gQqWbGwqIGZHqDNrGe,Sweetener,2018-08-17,15,album,3.43,no tears left to cry_ariana grande,Ariana Grande,2qT1uLXPVPzGgFOx4jtEuo,no tears left to cry,0.04,0.6990000000000001,205920,0.713,3.11e-06,9,0.294,-5.507000000000001,0,0.0594,121.993,4,0.354,89,dance
6bTn1ovliI0OkjUNkiMBJq,Nobody,9,0,False,Mitski,78,11034315,,653wRjqO0GOZPQPcXpeAXD,Be the Cowboy,2018-08-17,14,album,3.22,nobody_mitski,Mitski,6bTn1ovliI0OkjUNkiMBJq,Nobody,0.0764,0.3979999999999999,193429,0.716,0.0,0,0.0848,-5.254,1,0.0392,117.295,4,0.494,67,indie-pop
6bTn1ovliI0OkjUNkiMBJq,Nobody,9,0,False,Mitski,78,11034315,,653wRjqO0GOZPQPcXpeAXD,Be the Cowboy,2018-08-17,14,album,3.22,nobody_mitski,Mitski,6bTn1ovliI0OkjUNkiMBJq,Nobody,0.0764,0.3979999999999999,193429,0.716,0.0,0,0.0848,-5.254,1,0.0392,117.295,4,0.494,67,indie
25sgk305KZfyuqVBQIahim,Sweet but Psycho,1,6,False,Ava Max,77,7753423,,7CdLU3GgPy1PH5FVsrPlyA,Sweet but Psycho,2018-08-17,1,single,3.12,sweet but psycho_ava max,Ava Max,25sgk305KZfyuqVBQIahim,Sweet but Psycho,0.0691,0.7190000000000001,187436,0.7040000000000001,0.0,1,0.166,-4.724,1,0.0476,133.002,4,0.628,96,dance
3jjsRKEsF42ccXf8kWR3nu,Washing Machine Heart,12,82,False,Mitski,78,11037265,,42cH7mrkfljkqkxA2Ip9Xq,Be the Cowboy,2018-08-17,14,album,2.13,washing machine heart_mitski,Mitski,4Ys8jQvZOISzmp34BsImRf,Washing Machine Heart,0.00999,0.617,128199,0.821,0.494,9,0.426,-4.085,1,0.026,106.0,4,0.581,58,indie-pop
3jjsRKEsF42ccXf8kWR3nu,Washing Machine Heart,12,82,False,Mitski,78,11037265,,42cH7mrkfljkqkxA2Ip9Xq,Be the Cowboy,2018-08-17,14,album,2.13,washing machine heart_mitski,Mitski,4Ys8jQvZOISzmp34BsImRf,Washing Machine Heart,0.00999,0.617,128199,0.821,0.494,9,0.426,-4.085,1,0.026,106.0,4,0.581,58,indie
20MuVazoNMv6xjKPnRFOxG,WAKE UP,8,64,True,Travis Scott,89,41107596,rap,41GuZcammIkupMPKH2OJ6I,ASTROWORLD,2018-08-03,17,album,3.86,wake up_travis scott,Travis Scott,20MuVazoNMv6xjKPnRFOxG,WAKE UP,0.192,0.741,231964,0.645,0.0,11,0.163,-5.1160000000000005,0,0.0963,149.07,4,0.488,76,house
11kDth1aKUEUMq9r1pqyds,5% TINT,9,74,True,Travis Scott,89,41119579,rap,41GuZcammIkupMPKH2OJ6I,ASTROWORLD,2018-08-03,17,album,3.26,5% tint_travis scott,Travis Scott,11kDth1aKUEUMq9r1pqyds,5% TINT,0.173,0.7120000000000001,196138,0.481,0.0,4,0.241,-5.415,0,0.0487,140.0,4,0.062,73,house
4MXhiYIRDMGAuvZc5IFTwC,ASTROTHUNDER,11,77,True,Travis Scott,89,41107596,rap,41GuZcammIkupMPKH2OJ6I,ASTROWORLD,2018-08-03,17,album,2.38,astrothunder_travis scott,Travis Scott,4MXhiYIRDMGAuvZc5IFTwC,ASTROTHUNDER,0.142,0.7,142969,0.46,4.81e-05,4,0.111,-8.111,0,0.0661,151.901,4,0.286,74,house
2cYqizR4lgvp4Qu6IQ3qGN,BUTTERFLY EFFECT,15,81,False,Travis Scott,89,41119579,rap,41GuZcammIkupMPKH2OJ6I,ASTROWORLD,2018-08-03,17,album,3.17,butterfly effect_travis scott,Travis Scott,2cYqizR4lgvp4Qu6IQ3qGN,BUTTERFLY EFFECT,0.0531,0.763,190557,0.628,0.0,11,0.114,-5.85,1,0.05,140.958,4,0.193,83,house
27a1mYSG5tYg7dmEjWBcmL,CAN'T SAY,13,77,True,Travis Scott,89,41119579,rap,41GuZcammIkupMPKH2OJ6I,ASTROWORLD,2018-08-03,17,album,3.3,can't say_travis scott,Travis Scott,27a1mYSG5tYg7dmEjWBcmL,CAN'T SAY,0.201,0.7020000000000001,198408,0.708,0.0,10,0.118,-5.3660000000000005,0,0.0547,147.98,4,0.713,80,house
6OaVWaGfhXn70ZJfdVcabn,NO BYSTANDERS,6,70,True,Travis Scott,89,41119579,rap,41GuZcammIkupMPKH2OJ6I,ASTROWORLD,2018-08-03,17,album,3.63,no bystanders_travis scott,Travis Scott,6OaVWaGfhXn70ZJfdVcabn,NO BYSTANDERS,0.0204,0.731,218284,0.8109999999999999,0.0,1,0.411,-3.225,1,0.0712,147.045,4,0.426,77,house
7lAK3oHbfEnvUQWosrMMpR,YOSEMITE,12,77,False,Travis Scott,89,41119579,rap,41GuZcammIkupMPKH2OJ6I,ASTROWORLD,2018-08-03,17,album,2.5,yosemite_travis scott,Travis Scott,7lAK3oHbfEnvUQWosrMMpR,YOSEMITE,0.283,0.785,150043,0.5539999999999999,3.4e-06,0,0.1159999999999999,-6.571000000000001,1,0.0409,128.047,4,0.144,85,house
2xLMifQCjDGFmkHkpNLD9h,SICKO MODE,3,82,True,Travis Scott,89,41119579,rap,41GuZcammIkupMPKH2OJ6I,ASTROWORLD,2018-08-03,17,album,5.21,sicko mode_travis scott,Travis Scott,2xLMifQCjDGFmkHkpNLD9h,SICKO MODE,0.00513,0.8340000000000001,312820,0.73,0.0,8,0.124,-3.714,1,0.222,155.00799999999998,4,0.446,93,house
6NMtzpDQBTOfJwMzgMX0zl,SKELETONS,7,76,True,Travis Scott,89,41131037,rap,41GuZcammIkupMPKH2OJ6I,ASTROWORLD,2018-08-03,17,album,2.42,skeletons_travis scott,Travis Scott,6NMtzpDQBTOfJwMzgMX0zl,SKELETONS,0.00146,0.46,145588,0.6859999999999999,0.0,0,0.375,-5.948,0,0.0367,148.054,4,0.252,72,house
7wBJfHzpfI3032CSD7CE2m,STARGAZING,1,73,True,Travis Scott,89,41107596,rap,41GuZcammIkupMPKH2OJ6I,ASTROWORLD,2018-08-03,17,album,4.51,stargazing_travis scott,Travis Scott,7wBJfHzpfI3032CSD7CE2m,STARGAZING,0.00947,0.487,270715,0.789,4.05e-06,8,0.1889999999999999,-3.69,1,0.044,150.007,4,0.0564,83,house
53k1gKFpKrDbktUzrB80f0,Sesame Syrup,2,12,False,Cigarettes After Sex,84,17380777,dream pop,66MRfhZmuTuyGCO1dJZTRB,Crush,2018-07-09,2,single,5.05,sesame syrup_cigarettes after sex,Cigarettes After Sex,73ROvjXlrsrDcNmCurwWOF,Sesame Syrup,0.0417,0.237,303297,0.412,0.451,4,0.107,-11.384,1,0.0299,186.955,4,0.364,51,indie-pop
1rqqCSm0Qe4I9rUvWncaom,High Hopes,4,79,False,Panic! At The Disco,76,12721192,emo,6ApYSpXF8GxZAgBTHDzYge,Pray for the Wicked,2018-06-22,11,album,3.18,high hopes_panic! at the disco,Panic! At The Disco,1rqqCSm0Qe4I9rUvWncaom,High Hopes,0.193,0.579,190947,0.904,0.0,5,0.064,-2.729,1,0.0618,82.014,4,0.6809999999999999,94,rock
04ZTP5KsCypmtCmQg5tH9R,I'm a Mess,2,70,False,Bebe Rexha,75,9837715,,4TOkZvtqNpg5UHyGxCn0mS,Expectations,2018-06-22,14,album,3.25,i'm a mess_bebe rexha,Bebe Rexha,04ZTP5KsCypmtCmQg5tH9R,I'm a Mess,0.00281,0.63,195519,0.6940000000000001,0.0,11,0.0719,-6.257000000000001,0,0.0253,97.005,4,0.216,86,dance
2iUXsYOEPhVqEBwsqP70rE,Youngblood,1,80,False,5 Seconds of Summer,75,10246277,,2D0Hi3Jj6RFnpWDcSa0Otu,Youngblood (Deluxe),2018-06-15,16,album,3.39,youngblood_5 seconds of summer,5 Seconds of Summer,55S2PQgSMYAhgoTCcGCDfw,Youngblood,0.0169,0.596,203418,0.8540000000000001,0.0,7,0.124,-5.114,0,0.4629999999999999,120.274,4,0.152,84,dance
0g4fzRkbLeCDUCoe5iUOcf,sex money feelings die,6,65,True,Lykke Li,67,1948451,,28AjCPTvrM4gQIiwo0CEOE,so sad so sexy,2018-06-08,10,album,2.33,sex money feelings die_lykke li,Lykke Li,0g4fzRkbLeCDUCoe5iUOcf,sex money feelings die,0.3229999999999999,0.789,139840,0.534,3.42e-06,8,0.0645,-6.347,0,0.0709,134.055,4,0.631,66,electro
0g4fzRkbLeCDUCoe5iUOcf,sex money feelings die,6,65,True,Lykke Li,67,1948451,,28AjCPTvrM4gQIiwo0CEOE,so sad so sexy,2018-06-08,10,album,2.33,sex money feelings die_lykke li,Lykke Li,0g4fzRkbLeCDUCoe5iUOcf,sex money feelings die,0.3229999999999999,0.789,139840,0.534,3.42e-06,8,0.0645,-6.347,0,0.0709,134.055,4,0.631,66,indie-pop
0g4fzRkbLeCDUCoe5iUOcf,sex money feelings die,6,65,True,Lykke Li,67,1948451,,28AjCPTvrM4gQIiwo0CEOE,so sad so sexy,2018-06-08,10,album,2.33,sex money feelings die_lykke li,Lykke Li,0g4fzRkbLeCDUCoe5iUOcf,sex money feelings die,0.3229999999999999,0.789,139840,0.534,3.42e-06,8,0.0645,-6.347,0,0.0709,134.055,4,0.631,66,indie
4pIKFpwflOdhYNIRmPTj3E,Dance Macabre,6,64,False,Ghost,73,3771062,"metal, hard rock",6128JCa2uBqHWia5AzJOKV,Prequelle,2018-06-01,10,album,3.66,dance macabre_ghost,Ghost,1E2WTcYLP1dFe1tiGDwRmT,Dance Macabre,1.89e-05,0.619,219720,0.696,0.00555,7,0.38,-6.269,0,0.0315,125.986,4,0.727,65,rock
2P91MQbaiQOfbiz9VqhqKQ,I Like Me Better,1,2,False,Lauv,73,6816695,,7lqieLm717j9Z8JrG7POkS,I met you when I was 18. (the playlist),2018-05-31,17,album,3.29,i like me better_lauv,Lauv,2P91MQbaiQOfbiz9VqhqKQ,I Like Me Better,0.535,0.752,197437,0.505,2.55e-06,9,0.104,-7.621,1,0.253,91.97,4,0.419,76,dance
2P91MQbaiQOfbiz9VqhqKQ,I Like Me Better,1,2,False,Lauv,73,6816695,,7lqieLm717j9Z8JrG7POkS,I met you when I was 18. (the playlist),2018-05-31,17,album,3.29,i like me better_lauv,Lauv,2P91MQbaiQOfbiz9VqhqKQ,I Like Me Better,0.535,0.752,197437,0.505,2.55e-06,9,0.104,-7.621,1,0.253,91.97,4,0.419,76,electro
2P91MQbaiQOfbiz9VqhqKQ,I Like Me Better,1,2,False,Lauv,73,6816695,,7lqieLm717j9Z8JrG7POkS,I met you when I was 18. (the playlist),2018-05-31,17,album,3.29,i like me better_lauv,Lauv,2P91MQbaiQOfbiz9VqhqKQ,I Like Me Better,0.535,0.752,197437,0.505,2.55e-06,9,0.104,-7.621,1,0.253,91.97,4,0.419,76,pop
21YnmkSDhUkmkkni22Svc4,In My Blood,1,0,False,Shawn Mendes,81,45700057,,6AjREacSERvnQTe6GFTx3c,Shawn Mendes,2018-05-25,14,album,3.52,in my blood_shawn mendes,Shawn Mendes,2QZ7WLBE8h2y1Y5Fb8RYbH,In My Blood,0.0573,0.622,211360,0.7120000000000001,0.0,5,0.13,-7.321000000000001,1,0.066,140.025,4,0.487,86,dance
514rhnksEwHUh6LxXsQ4Y9,Back To You,1,65,False,Selena Gomez,81,53267200,,4RpgjxgSxcRwGNuWnImneN,13 Reasons Why (Season 2),2018-05-18,20,compilation,3.5,back to you_selena gomez,Selena Gomez,514rhnksEwHUh6LxXsQ4Y9,Back To You,0.0984,0.6,210240,0.6829999999999999,1.26e-06,6,0.11,-6.271,1,0.0493,102.036,4,0.494,75,dance
5cF0dROlMOK5uNZtivgu50,Attention,2,87,False,Charlie Puth,79,25301942,"soft pop, pop",0mZIUXje90JtHxPNzWsJNR,Voicenotes,2018-05-11,13,album,3.47,attention_charlie puth,Charlie Puth,5cF0dROlMOK5uNZtivgu50,Attention,0.109,0.775,208787,0.613,2.33e-05,3,0.134,-4.586,0,0.0542,100.066,4,0.797,84,dance
5cF0dROlMOK5uNZtivgu50,Attention,2,87,False,Charlie Puth,79,25301942,"soft pop, pop",0mZIUXje90JtHxPNzWsJNR,Voicenotes,2018-05-11,13,album,3.47,attention_charlie puth,Charlie Puth,5cF0dROlMOK5uNZtivgu50,Attention,0.109,0.775,208787,0.613,2.33e-05,3,0.134,-4.586,0,0.0542,100.066,4,0.797,84,pop
6wmAHw1szh5RCKSRjiXhPe,How Long,4,77,False,Charlie Puth,80,25310805,"soft pop, pop",0mZIUXje90JtHxPNzWsJNR,Voicenotes,2018-05-11,13,album,3.34,how long_charlie puth,Charlie Puth,6wmAHw1szh5RCKSRjiXhPe,How Long,0.211,0.845,200853,0.561,3.49e-06,1,0.0383,-5.252999999999999,0,0.0778,109.974,4,0.8109999999999999,79,dance
4hQ6UGyWQIGJmHSo0J88JW,Back To You - From 13 Reasons Why – Season 2 Soundtrack,1,70,False,Selena Gomez,81,53267200,,3N7eWDCvfWv34xWNohdHjO,Back To You (From 13 Reasons Why – Season 2 Soundtrack),2018-05-10,1,single,3.46,back to you - from 13 reasons why – season 2 soundtrack_selena gomez,Selena Gomez,4hQ6UGyWQIGJmHSo0J88JW,Back To You - From 13 Reasons Why – Season 2 Soundtrack,0.0945,0.601,207905,0.7240000000000001,1.68e-06,6,0.12,-4.856,1,0.0486,102.061,4,0.508,84,dance
2BgEsaKNfHUdlh97KmvFyo,2002,10,78,False,Anne-Marie,75,12845551,,7lPoGKpCGgdKFAxpudhAH5,Speak Your Mind (Deluxe),2018-04-27,18,album,3.11,2002_anne-marie,Anne-Marie,4Pbg79cTBu4vgSphoyNq3j,2002,0.0372,0.6970000000000001,186987,0.6829999999999999,0.0,1,0.1369999999999999,-2.881,0,0.1169999999999999,96.133,4,0.603,83,dance
2BgEsaKNfHUdlh97KmvFyo,2002,10,78,False,Anne-Marie,75,12845551,,7lPoGKpCGgdKFAxpudhAH5,Speak Your Mind (Deluxe),2018-04-27,18,album,3.11,2002_anne-marie,Anne-Marie,4Pbg79cTBu4vgSphoyNq3j,2002,0.0372,0.6970000000000001,186987,0.6829999999999999,0.0,1,0.1369999999999999,-2.881,0,0.1169999999999999,96.133,4,0.603,83,house
2BgEsaKNfHUdlh97KmvFyo,2002,10,78,False,Anne-Marie,75,12845551,,7lPoGKpCGgdKFAxpudhAH5,Speak Your Mind (Deluxe),2018-04-27,18,album,3.11,2002_anne-marie,Anne-Marie,4Pbg79cTBu4vgSphoyNq3j,2002,0.0372,0.6970000000000001,186987,0.6829999999999999,0.0,1,0.1369999999999999,-2.881,0,0.1169999999999999,96.133,4,0.603,83,pop
3mRLHiSHYtC8Hk7bzZdUs1,River,2,75,False,Bishop Briggs,61,963894,,1TTxcgs3zEngN0EB56yXzY,Church Of Scars,2018-04-20,10,album,3.6,river_bishop briggs,Bishop Briggs,3mRLHiSHYtC8Hk7bzZdUs1,River,0.302,0.733,216133,0.477,2.97e-06,2,0.0579,-6.737,0,0.0687,62.507,4,0.545,77,alt-rock
3mRLHiSHYtC8Hk7bzZdUs1,River,2,75,False,Bishop Briggs,61,963894,,1TTxcgs3zEngN0EB56yXzY,Church Of Scars,2018-04-20,10,album,3.6,river_bishop briggs,Bishop Briggs,3mRLHiSHYtC8Hk7bzZdUs1,River,0.302,0.733,216133,0.477,2.97e-06,2,0.0579,-6.737,0,0.0687,62.507,4,0.545,77,alternative
3mRLHiSHYtC8Hk7bzZdUs1,River,2,75,False,Bishop Briggs,61,963894,,1TTxcgs3zEngN0EB56yXzY,Church Of Scars,2018-04-20,10,album,3.6,river_bishop briggs,Bishop Briggs,3mRLHiSHYtC8Hk7bzZdUs1,River,0.302,0.733,216133,0.477,2.97e-06,2,0.0579,-6.737,0,0.0687,62.507,4,0.545,77,electro
3mRLHiSHYtC8Hk7bzZdUs1,River,2,75,False,Bishop Briggs,61,963894,,1TTxcgs3zEngN0EB56yXzY,Church Of Scars,2018-04-20,10,album,3.6,river_bishop briggs,Bishop Briggs,3mRLHiSHYtC8Hk7bzZdUs1,River,0.302,0.733,216133,0.477,2.97e-06,2,0.0579,-6.737,0,0.0687,62.507,4,0.545,77,rock
7uzmGiiJyRfuViKKK3lVmR,Mine,14,71,True,Bazzi,66,5506705,,5EEkfRgfYHiFu0lGur6Z6M,COSMIC,2018-04-12,16,album,2.18,mine_bazzi,Bazzi,7uzmGiiJyRfuViKKK3lVmR,Mine,0.0161,0.71,131064,0.789,2.77e-06,4,0.451,-3.874,1,0.0722,142.929,4,0.7170000000000001,86,dance
7uzmGiiJyRfuViKKK3lVmR,Mine,14,71,True,Bazzi,66,5506705,,5EEkfRgfYHiFu0lGur6Z6M,COSMIC,2018-04-12,16,album,2.18,mine_bazzi,Bazzi,7uzmGiiJyRfuViKKK3lVmR,Mine,0.0161,0.71,131064,0.789,2.77e-06,4,0.451,-3.874,1,0.0722,142.929,4,0.7170000000000001,86,electro
2Yl4OmDby9iitgNWZPwxkd,Be Careful,5,69,True,Cardi B,81,25957976,,4KdtEKjY3Gi0mKiSdy96ML,Invasion of Privacy,2018-04-06,13,album,3.51,be careful_cardi b,Cardi B,2Yl4OmDby9iitgNWZPwxkd,Be Careful,0.0256,0.82,210787,0.568,0.0,6,0.0952,-8.23,0,0.411,152.279,4,0.535,77,dance
2lTtnKQgjbrBA1qnOFhBkP,affection,3,1,False,BETWEEN FRIENDS,61,324920,,0S4Y2Jnwf3tjQRlcKTsGUE,we just need some time together,2018-04-05,5,single,3.92,affection_between friends,BETWEEN FRIENDS,5LUbbmFibvFhcRuXQqxq0x,affection,0.516,0.273,235226,0.565,1.68e-06,2,0.0855,-7.282999999999999,1,0.248,179.518,4,0.298,63,indie-pop
5t3Vk8bRKylx4fjj7qlbib,bitches broken hearts,1,74,True,Billie Eilish,90,118760311,"alternative pop, electropop, dark pop",1Z0XtKcevvITZ5ydimkYcx,bitches broken hearts,2018-03-30,1,single,2.94,bitches broken hearts_billie eilish,Billie Eilish,5t3Vk8bRKylx4fjj7qlbib,bitches broken hearts,0.919,0.777,176472,0.422,0.00877,0,0.0958,-10.114,1,0.0482,120.041,4,0.187,83,electro
09mEdoA6zrmBPgTEN5qXmN,Call Out My Name,1,85,False,The Weeknd,93,112918137,"r&b pop, alternative r&b, hip hop, synthpop",4qZBW3f2Q8y0k1A84d4iAO,"My Dear Melancholy,",2018-03-30,7,album,3.8,call out my name_the weeknd,The Weeknd,4MPTj8lMMvxLwT3EwuXFop,Call Out My Name,0.211,0.449,228373,0.599,0.0,1,0.327,-4.892,1,0.0369,134.144,3,0.165,82,pop
3afkJSKX0EAMsJXTZnDXXJ,Strawberries & Cigarettes,1,74,False,Troye Sivan,72,9462835,,5L0bixsyXEkomsyucUySjy,Strawberries & Cigarettes,2018-03-16,1,single,3.35,strawberries & cigarettes_troye sivan,Troye Sivan,2z7UKVsBdbA7HFPunDKDP4,Strawberries & Cigarettes,0.158,0.514,201547,0.539,0.0,9,0.0902,-8.696,1,0.188,168.062,4,0.2739999999999999,29,dance
3afkJSKX0EAMsJXTZnDXXJ,Strawberries & Cigarettes,1,74,False,Troye Sivan,72,9462835,,5L0bixsyXEkomsyucUySjy,Strawberries & Cigarettes,2018-03-16,1,single,3.35,strawberries & cigarettes_troye sivan,Troye Sivan,2z7UKVsBdbA7HFPunDKDP4,Strawberries & Cigarettes,0.158,0.514,201547,0.539,0.0,9,0.0902,-8.696,1,0.188,168.062,4,0.2739999999999999,29,pop
5PjdC2gMATetx5xdnwGUu7,i wanna be your girlfriend,1,74,True,girl in red,73,8763286,bedroom pop,14cEutEbb3i2vDp3ZopdJf,i wanna be your girlfriend,2018-03-02,1,single,3.41,i wanna be your girlfriend_girl in red,girl in red,2uKzHG4Ab565JjUtMCNyhf,i wanna be your girlfriend,0.0217,0.54,204991,0.381,0.000687,7,0.305,-14.323,1,0.0347,155.882,4,0.3429999999999999,31,indie-pop
01TyFEZu6mHbffsVfxgrFn,Show Me How,1,3,False,Men I Trust,69,2325598,"bedroom pop, indie pop",75IgpYGNlc8KmwZ9FlTtJg,Show Me How,2018-02-28,1,single,3.58,show me how_men i trust,Men I Trust,01TyFEZu6mHbffsVfxgrFn,Show Me How,0.674,0.7909999999999999,215111,0.267,0.534,5,0.102,-11.997,1,0.0415,165.99,4,0.544,64,indie-pop
01TyFEZu6mHbffsVfxgrFn,Show Me How,1,3,False,Men I Trust,69,2325598,"bedroom pop, indie pop",75IgpYGNlc8KmwZ9FlTtJg,Show Me How,2018-02-28,1,single,3.58,show me how_men i trust,Men I Trust,01TyFEZu6mHbffsVfxgrFn,Show Me How,0.674,0.7909999999999999,215111,0.267,0.534,5,0.102,-11.997,1,0.0415,165.99,4,0.544,64,indie
2Y0iGXY6m6immVb2ktbseM,Little Dark Age,2,78,False,MGMT,73,3571100,indie,7GjVWG39IOj4viyWplJV4H,Little Dark Age,2018-02-09,10,album,4.99,little dark age_mgmt,MGMT,2Y0iGXY6m6immVb2ktbseM,Little Dark Age,0.0102,0.705,299960,0.7120000000000001,0.000855,6,0.1,-6.156000000000001,1,0.0385,97.512,4,0.62,66,alt-rock
2Y0iGXY6m6immVb2ktbseM,Little Dark Age,2,78,False,MGMT,73,3571100,indie,7GjVWG39IOj4viyWplJV4H,Little Dark Age,2018-02-09,10,album,4.99,little dark age_mgmt,MGMT,2Y0iGXY6m6immVb2ktbseM,Little Dark Age,0.0102,0.705,299960,0.7120000000000001,0.000855,6,0.1,-6.156000000000001,1,0.0385,97.512,4,0.62,66,alternative
2Y0iGXY6m6immVb2ktbseM,Little Dark Age,2,78,False,MGMT,73,3571100,indie,7GjVWG39IOj4viyWplJV4H,Little Dark Age,2018-02-09,10,album,4.99,little dark age_mgmt,MGMT,2Y0iGXY6m6immVb2ktbseM,Little Dark Age,0.0102,0.705,299960,0.7120000000000001,0.000855,6,0.1,-6.156000000000001,1,0.0385,97.512,4,0.62,66,indie
2Y0iGXY6m6immVb2ktbseM,Little Dark Age,2,78,False,MGMT,73,3571100,indie,7GjVWG39IOj4viyWplJV4H,Little Dark Age,2018-02-09,10,album,4.99,little dark age_mgmt,MGMT,2Y0iGXY6m6immVb2ktbseM,Little Dark Age,0.0102,0.705,299960,0.7120000000000001,0.000855,6,0.1,-6.156000000000001,1,0.0385,97.512,4,0.62,66,rock
7uUahoeqGNRMbpdeiLj1rS,Panic Room,1,67,False,Au/Ra,60,597593,,3F83QiIRImUneMzZdSaTTM,Panic Room,2018-02-09,1,single,3.96,panic room_au/ra,Au/Ra,7uUahoeqGNRMbpdeiLj1rS,Panic Room,0.152,0.495,237773,0.426,5.65e-06,8,0.099,-9.434,1,0.0736,97.91,4,0.0636,69,electro
1vNoA9F5ASnlBISFekDmg3,Zombie,1,3,False,Bad Wolves,62,891423,metal,768Mgdrb3yUmNJ4HW4IJOL,Zombie,2018-01-19,1,single,4.24,zombie_bad wolves,Bad Wolves,1vNoA9F5ASnlBISFekDmg3,Zombie,0.0075599999999999,0.4479999999999999,254805,0.826,0.0,2,0.1169999999999999,-3.244,0,0.0319,77.093,4,0.19,75,alternative
4eWQlBRaTjPPUlzacqEeoQ,Never Be the Same,1,77,False,Camila Cabello,78,35579266,,2vD3zSQr8hNlg0obNel4TE,Camila,2018-01-12,11,album,3.78,never be the same_camila cabello,Camila Cabello,4eWQlBRaTjPPUlzacqEeoQ,Never Be the Same,0.181,0.637,226973,0.713,0.000637,0,0.1369999999999999,-4.333,1,0.0747,129.923,4,0.243,80,dance
77G0k1La0c5Dw8bAFANcyp,Sports,1,1,False,Beach Bunny,65,1856763,,4AJbHyDx1Fu8mYxlcj6K8F,Sports,2018-01-01,1,single,2.73,sports_beach bunny,Beach Bunny,2B9aVoZ2GWDtR09jIpFpQD,Sports,0.000673,0.231,164165,0.877,0.0258,9,0.0699,-5.276,1,0.057,186.148,4,0.536,55,indie-pop
7eB1V5LvAdxCc7brfGhRRo,watch,4,79,False,Billie Eilish,90,118692183,"alternative pop, electropop, dark pop",7fRrTyKvE4Skh93v97gtcU,dont smile at me,2017-12-22,9,single,2.95,watch_billie eilish,Billie Eilish,4sMnbk7rlaLN3wnrbxInuo,watch,0.284,0.4479999999999999,177887,0.5920000000000001,0.000971,0,0.0962,-8.957,1,0.212,165.148,4,0.4029999999999999,19,electro
6VpQdig9pdpTSIFItgkJV5,Never Be the Same,1,58,False,Camila Cabello,78,35576126,,3HR8mnPQ7Go27WPMTNR2um,Never Be the Same,2017-12-17,1,single,3.78,never be the same_camila cabello,Camila Cabello,4eWQlBRaTjPPUlzacqEeoQ,Never Be the Same,0.181,0.637,226973,0.713,0.000637,0,0.1369999999999999,-4.333,1,0.0747,129.923,4,0.243,80,dance
33KJ2xFYONOlIYDBg6wPx8,Personal,2,62,False,HRVY,54,1683603,,0CKrROL2ULkLDpGx1kt6vP,Talk To Ya - EP,2017-11-30,5,single,3.3,personal_hrvy,HRVY,2i5yApYi5BEe1jq5XHXwgT,Personal,0.118,0.755,197198,0.5479999999999999,0.0,8,0.0801,-5.539,1,0.141,138.98,4,0.833,15,dance
33KJ2xFYONOlIYDBg6wPx8,Personal,2,62,False,HRVY,54,1683603,,0CKrROL2ULkLDpGx1kt6vP,Talk To Ya - EP,2017-11-30,5,single,3.3,personal_hrvy,HRVY,2i5yApYi5BEe1jq5XHXwgT,Personal,0.118,0.755,197198,0.5479999999999999,0.0,8,0.0801,-5.539,1,0.141,138.98,4,0.833,15,house
0yvPEnB032fojLfVluFjUv,Sorry Not Sorry,1,71,True,Demi Lovato,77,27288825,,5Mu891tmjTbt64meovPSuf,Tell Me You Love Me,2017-09-29,12,album,3.39,sorry not sorry_demi lovato,Demi Lovato,07PleZfbhN8To4RcgoxAef,Sorry Not Sorry,0.0255,0.701,199547,0.67,0.0,11,0.217,-6.879,0,0.223,143.92700000000002,4,0.901,27,dance
7gvd8xj4QgPqbQSsn5pV7d,Sorry Not Sorry,1,2,True,Demi Lovato,78,27289223,,1MI6gNg0plcEOgs8aezsjH,Tell Me You Love Me (Deluxe),2017-09-29,15,album,3.39,sorry not sorry_demi lovato,Demi Lovato,07PleZfbhN8To4RcgoxAef,Sorry Not Sorry,0.0255,0.701,199547,0.67,0.0,11,0.217,-6.879,0,0.223,143.92700000000002,4,0.901,27,dance
7vu0JkJh0ldukEYbTVcqd0,Issues,1,73,False,Julia Michaels,69,5292781,,1qyjZGIeeLJlXbYWuoloWj,Nervous System,2017-07-28,7,album,2.93,issues_julia michaels,Julia Michaels,1VtDdcXa6fuECioYhmWsXo,Issues,0.4,0.701,175867,0.419,0.0,8,0.076,-6.767,1,0.0782,113.784,4,0.442,19,electro
1zB4vmk8tFRmM9UULNzbLB,Thunder,10,84,False,Imagine Dragons,85,58364373,,33pt9HBdGlAbRGBHQgsZsU,Evolve,2017-06-23,12,album,3.11,thunder_imagine dragons,Imagine Dragons,75qMlHG85EEhrXPKhkf5FI,Thunder,0.00714,0.602,187987,0.8170000000000001,0.109,0,0.122,-4.444,1,0.0494,167.979,4,0.236,21,rock
0CcQNd8CINkwQfe1RDtGV6,Believer,3,4,False,Imagine Dragons,85,58375520,,5GlPAy2PRJW06GVFhKwGTl,Evolve,2017-06-23,11,album,3.4,believer_imagine dragons,Imagine Dragons,0Xk3DdaHhugSv35OS6yBOj,Believer,0.0556,0.77,204405,0.701,0.0,10,0.0925,-7.46,0,0.136,124.947,4,0.732,33,rock
6Qn5zhYkTa37e91HC1D7lb,Whatever It Takes,3,82,False,Imagine Dragons,85,58375520,,33pt9HBdGlAbRGBHQgsZsU,Evolve,2017-06-23,12,album,3.35,whatever it takes_imagine dragons,Imagine Dragons,3VEs1LBTzJWeM3EoHua5LY,Whatever It Takes,0.0374,0.6709999999999999,201240,0.63,0.0,10,0.1169999999999999,-5.767,0,0.0319,134.934,4,0.578,30,rock
1F6IbA7di42uPc3cff8PXV,Flaming Hot Cheetos,1,40,False,Clairo,78,6602735,bedroom pop,12pkuSY7Cy2sc5Ix0XIYIE,Flaming Hot Cheetos,2017-06-14,1,single,2.06,flaming hot cheetos_clairo,Clairo,6P6wO3mWOx8xVsaNbBoW1K,Flaming Hot Cheetos,0.887,0.795,122244,0.605,5.42e-06,7,0.105,-7.374,0,0.125,110.113,4,0.152,51,indie-pop
1F6IbA7di42uPc3cff8PXV,Flaming Hot Cheetos,1,40,False,Clairo,78,6602735,bedroom pop,12pkuSY7Cy2sc5Ix0XIYIE,Flaming Hot Cheetos,2017-06-14,1,single,2.06,flaming hot cheetos_clairo,Clairo,6P6wO3mWOx8xVsaNbBoW1K,Flaming Hot Cheetos,0.887,0.795,122244,0.605,5.42e-06,7,0.105,-7.374,0,0.125,110.113,4,0.152,51,indie
5E5MqaS6eOsbaJibl3YeMZ,Homesick,12,59,False,Dua Lipa,85,46895665,pop,01sfgrNbnnPUEyz6GZYlt9,Dua Lipa (Deluxe),2017-06-02,17,album,3.84,homesick_dua lipa,Dua Lipa,1fF9w1hapJKALsOQ6yTcxg,Homesick,0.948,0.426,230480,0.2239999999999999,0.0,6,0.1119999999999999,-8.683,1,0.0391,85.728,5,0.3989999999999999,57,pop
76cy1WJvNGJTj78UqeA5zr,IDGAF,5,78,True,Dua Lipa,85,46886554,pop,01sfgrNbnnPUEyz6GZYlt9,Dua Lipa (Deluxe),2017-06-02,17,album,3.63,idgaf_dua lipa,Dua Lipa,6acdKgBrJoYKbJD6WhG81R,IDGAF,0.0403,0.836,217947,0.544,0.0,7,0.0824,-5.975,1,0.0943,97.028,4,0.51,60,dance
2ekn2ttSfGqwhhate0LSR0,New Rules,10,80,False,Dua Lipa,85,46895665,pop,01sfgrNbnnPUEyz6GZYlt9,Dua Lipa (Deluxe),2017-06-02,17,album,3.48,new rules_dua lipa,Dua Lipa,43oK4OAWUsRZUDVeHtKI4U,New Rules,0.00261,0.762,209320,0.7,1.56e-05,9,0.153,-6.021,0,0.0694,116.073,4,0.608,59,dance
1wjzFQodRWrPcQ0AnYnvQ9,I Like Me Better,1,2,False,Lauv,73,6815446,,7l6fTSFvlumnPFpOSrbnDV,I Like Me Better,2017-05-19,1,single,3.29,i like me better_lauv,Lauv,2P91MQbaiQOfbiz9VqhqKQ,I Like Me Better,0.535,0.752,197437,0.505,2.55e-06,9,0.104,-7.621,1,0.253,91.97,4,0.419,76,dance
1wjzFQodRWrPcQ0AnYnvQ9,I Like Me Better,1,2,False,Lauv,73,6815446,,7l6fTSFvlumnPFpOSrbnDV,I Like Me Better,2017-05-19,1,single,3.29,i like me better_lauv,Lauv,2P91MQbaiQOfbiz9VqhqKQ,I Like Me Better,0.535,0.752,197437,0.505,2.55e-06,9,0.104,-7.621,1,0.253,91.97,4,0.419,76,electro
1wjzFQodRWrPcQ0AnYnvQ9,I Like Me Better,1,2,False,Lauv,73,6815446,,7l6fTSFvlumnPFpOSrbnDV,I Like Me Better,2017-05-19,1,single,3.29,i like me better_lauv,Lauv,2P91MQbaiQOfbiz9VqhqKQ,I Like Me Better,0.535,0.752,197437,0.505,2.55e-06,9,0.104,-7.621,1,0.253,91.97,4,0.419,76,pop
4iLqG9SeJSnt0cSPICSjxv,Attention,1,4,False,Charlie Puth,79,25301942,"soft pop, pop",0t0NkQulrNkxw2oUZZHboA,Attention,2017-04-20,1,single,3.52,attention_charlie puth,Charlie Puth,5cF0dROlMOK5uNZtivgu50,Attention,0.109,0.775,208787,0.613,2.33e-05,3,0.134,-4.586,0,0.0542,100.066,4,0.797,84,dance
4iLqG9SeJSnt0cSPICSjxv,Attention,1,4,False,Charlie Puth,79,25301942,"soft pop, pop",0t0NkQulrNkxw2oUZZHboA,Attention,2017-04-20,1,single,3.52,attention_charlie puth,Charlie Puth,5cF0dROlMOK5uNZtivgu50,Attention,0.109,0.775,208787,0.613,2.33e-05,3,0.134,-4.586,0,0.0542,100.066,4,0.797,84,pop
7JJmb5XwzOO8jgpou264Ml,There's Nothing Holdin' Me Back,1,86,False,Shawn Mendes,81,45703370,,3wBabo4pmzsYjALMSKY7Iq,Illuminate (Deluxe),2017-04-20,16,album,3.32,there's nothing holdin' me back_shawn mendes,Shawn Mendes,0vPV2E3udZXadm36U4SvFt,There's Nothing Holdin' Me Back,0.321,0.8640000000000001,200135,0.809,0.0,2,0.0678,-4.069,1,0.0537,121.974,4,0.968,23,dance
7JJmb5XwzOO8jgpou264Ml,There's Nothing Holdin' Me Back,1,86,False,Shawn Mendes,81,45703370,,3wBabo4pmzsYjALMSKY7Iq,Illuminate (Deluxe),2017-04-20,16,album,3.32,there's nothing holdin' me back_shawn mendes,Shawn Mendes,0vPV2E3udZXadm36U4SvFt,There's Nothing Holdin' Me Back,0.321,0.8640000000000001,200135,0.809,0.0,2,0.0678,-4.069,1,0.0537,121.974,4,0.968,23,pop
4q604hQba5940BbOoaenmz,Blood In The Cut,3,59,True,K.Flay,60,644838,,5ddpf5pxYjw9ob4DjPLuiz,Every Where Is Some Where,2017-04-07,12,album,3.14,blood in the cut_k.flay,K.Flay,1SWp97YZenUS5FFzublQzw,Blood In The Cut,0.11,0.765,188707,0.6559999999999999,0.0201,9,0.1669999999999999,-5.332000000000001,1,0.0314,129.95600000000002,4,0.6809999999999999,40,electro
1D9HQactbJoUudf9B119Y5,High Enough,5,60,False,K.Flay,60,644838,,5ddpf5pxYjw9ob4DjPLuiz,Every Where Is Some Where,2017-04-07,12,album,3.86,high enough_k.flay,K.Flay,748pmfPPHxaX5ZfniN3zju,High Enough,0.0247,0.361,231600,0.618,0.0321,0,0.163,-4.95,1,0.0508,89.088,4,0.509,39,electro
1D9HQactbJoUudf9B119Y5,High Enough,5,60,False,K.Flay,60,644838,,5ddpf5pxYjw9ob4DjPLuiz,Every Where Is Some Where,2017-04-07,12,album,3.86,high enough_k.flay,K.Flay,748pmfPPHxaX5ZfniN3zju,High Enough,0.0247,0.361,231600,0.618,0.0321,0,0.163,-4.95,1,0.0508,89.088,4,0.509,39,rock
0tgVpDi06FyKpA1z0VMD4v,Perfect,5,88,False,Ed Sheeran,88,122773292,soft pop,3T4tUhGYeRNVUGevb0wThu,÷ (Deluxe),2017-03-03,16,album,4.39,perfect_ed sheeran,Ed Sheeran,0AOvD8LrdeDVDaLzSB7YsM,Perfect,0.962,0.3,224803,0.245,0.902,7,0.115,-12.223,1,0.0429,96.813,3,0.496,56,pop
1sXUWdKx03aP9Gmzft58rt,Issues,1,0,False,Julia Michaels,69,5292876,,1FulpD9JiAPbqP2F31pmUP,Issues,2017-01-13,1,single,2.93,issues_julia michaels,Julia Michaels,1VtDdcXa6fuECioYhmWsXo,Issues,0.4,0.701,175867,0.419,0.0,8,0.076,-6.767,1,0.0782,113.784,4,0.442,19,electro
7dZ1Odmx9jWIweQSatnRqo,Million Reasons,7,75,False,Lady Gaga,88,42237551,"art pop, pop",2ZUwFxlWo0gwTsvZ6L4Meh,Joanne (Deluxe),2016-10-21,14,album,3.42,million reasons_lady gaga,Lady Gaga,7nnTvwRS3iSfaxH6O3TBFT,Million Reasons,0.494,0.6609999999999999,204853,0.5329999999999999,0.0,0,0.11,-4.435,1,0.0413,129.75,4,0.132,38,dance
0w3Q14i073jLoew1hgJkwD,Heartache On The Dance Floor,9,75,False,Jon Pardi,73,2338518,"country, acoustic country",1DTBcVfk3zXPHRmgpY6rFZ,California Sunrise,2016-05-13,12,album,3.42,heartache on the dance floor_jon pardi,Jon Pardi,5nGJhRervQpDzmQnRxqMN9,Heartache On The Dance Floor,0.0622,0.594,205390,0.831,0.0,9,0.0909,-4.289,1,0.0463,115.997,4,0.648,25,rock
42ydLwx4i5V49RXHOozJZq,Scars To Your Beautiful,10,70,False,Alessia Cara,72,12274170,,2AGNF8r2y8HL85yVk2bwmS,Know-It-All (Deluxe),2016-03-11,15,album,3.83,scars to your beautiful_alessia cara,Alessia Cara,3q2dUd7f4YVn161pX9R0kF,Scars To Your Beautiful,0.0299,0.594,230240,0.738,0.0,0,0.109,-6.01,1,0.134,97.057,4,0.38,22,dance
42ydLwx4i5V49RXHOozJZq,Scars To Your Beautiful,10,70,False,Alessia Cara,72,12274170,,2AGNF8r2y8HL85yVk2bwmS,Know-It-All (Deluxe),2016-03-11,15,album,3.83,scars to your beautiful_alessia cara,Alessia Cara,3q2dUd7f4YVn161pX9R0kF,Scars To Your Beautiful,0.0299,0.594,230240,0.738,0.0,0,0.109,-6.01,1,0.134,97.057,4,0.38,22,electro
7gHs73wELdeycvS48JfIos,Faded,1,71,False,Alan Walker,78,41264069,,5HMjpBO0v78ayq5lreAyDd,Faded,2015-12-04,4,single,3.54,faded_alan walker,Alan Walker,698ItKASDavgwZ3WjaWjtz,Faded,0.0281,0.4679999999999999,212107,0.627,7.97e-06,6,0.11,-5.085,1,0.0476,179.642,4,0.159,81,electro
7gHs73wELdeycvS48JfIos,Faded,1,71,False,Alan Walker,78,41264069,,5HMjpBO0v78ayq5lreAyDd,Faded,2015-12-04,4,single,3.54,faded_alan walker,Alan Walker,698ItKASDavgwZ3WjaWjtz,Faded,0.0281,0.4679999999999999,212107,0.627,7.97e-06,6,0.11,-5.085,1,0.0476,179.642,4,0.159,81,house
1f8zcJPvJKvxAOjEqM0pyc,Love Yourself,5,72,False,Justin Bieber,91,85034636,"pop, contemporary r&b",3jJ5HhbOC2KB5fOZ2RgJTo,Purpose (Deluxe),2015-11-13,19,album,3.89,love yourself_justin bieber,Justin Bieber,5kwd8EKu1DMGEAHDVQEu9S,Love Yourself,0.866,0.785,235507,0.2689999999999999,0.0,4,0.21,-14.911,1,0.409,100.132,4,0.57,21,pop
0wI7QkCcs8FUQE1OkXUIqd,Scars To Your Beautiful,10,78,False,Alessia Cara,72,12275134,,7HnbhIDKXIBhMR4EPGuMgu,Know-It-All,2015-11-13,10,album,3.83,scars to your beautiful_alessia cara,Alessia Cara,3q2dUd7f4YVn161pX9R0kF,Scars To Your Beautiful,0.0299,0.594,230240,0.738,0.0,0,0.109,-6.01,1,0.134,97.057,4,0.38,22,dance
0wI7QkCcs8FUQE1OkXUIqd,Scars To Your Beautiful,10,78,False,Alessia Cara,72,12275134,,7HnbhIDKXIBhMR4EPGuMgu,Know-It-All,2015-11-13,10,album,3.83,scars to your beautiful_alessia cara,Alessia Cara,3q2dUd7f4YVn161pX9R0kF,Scars To Your Beautiful,0.0299,0.594,230240,0.738,0.0,0,0.109,-6.01,1,0.134,97.057,4,0.38,22,electro
0prNGof3XqfTvNDxHonvdK,Scars To Your Beautiful,10,2,False,Alessia Cara,72,12274170,,3rDbA12I5duZnlwakqDdZa,Know-It-All (Deluxe),2015-11-13,13,album,3.83,scars to your beautiful_alessia cara,Alessia Cara,3q2dUd7f4YVn161pX9R0kF,Scars To Your Beautiful,0.0299,0.594,230240,0.738,0.0,0,0.109,-6.01,1,0.134,97.057,4,0.38,22,dance
0prNGof3XqfTvNDxHonvdK,Scars To Your Beautiful,10,2,False,Alessia Cara,72,12274170,,3rDbA12I5duZnlwakqDdZa,Know-It-All (Deluxe),2015-11-13,13,album,3.83,scars to your beautiful_alessia cara,Alessia Cara,3q2dUd7f4YVn161pX9R0kF,Scars To Your Beautiful,0.0299,0.594,230240,0.738,0.0,0,0.109,-6.01,1,0.134,97.057,4,0.38,22,electro
0kzw2tRyuL9rzipi5ntlIy,Shut Up and Dance,3,60,False,WALK THE MOON,65,2239954,,2bVVESepVYULITlO6mtmoy,TALKING IS HARD (Expanded Edition),2014-12-02,15,album,3.31,shut up and dance_walk the moon,WALK THE MOON,04khRrAUOH5l0sC2eg0eiG,Shut Up and Dance,0.00607,0.579,197720,0.88,1.16e-06,1,0.268,-3.154,1,0.0633,128.047,4,0.632,31,alt-rock
0kzw2tRyuL9rzipi5ntlIy,Shut Up and Dance,3,60,False,WALK THE MOON,65,2239954,,2bVVESepVYULITlO6mtmoy,TALKING IS HARD (Expanded Edition),2014-12-02,15,album,3.31,shut up and dance_walk the moon,WALK THE MOON,04khRrAUOH5l0sC2eg0eiG,Shut Up and Dance,0.00607,0.579,197720,0.88,1.16e-06,1,0.268,-3.154,1,0.0633,128.047,4,0.632,31,alternative
0kzw2tRyuL9rzipi5ntlIy,Shut Up and Dance,3,60,False,WALK THE MOON,65,2239954,,2bVVESepVYULITlO6mtmoy,TALKING IS HARD (Expanded Edition),2014-12-02,15,album,3.31,shut up and dance_walk the moon,WALK THE MOON,04khRrAUOH5l0sC2eg0eiG,Shut Up and Dance,0.00607,0.579,197720,0.88,1.16e-06,1,0.268,-3.154,1,0.0633,128.047,4,0.632,31,rock
6YUTL4dYpB9xZO5qExPf05,Summer,8,82,False,Calvin Harris,84,23078931,edm,48zisMeiXniWLzOQghbPqS,Motion,2014-10-31,15,album,3.7,summer_calvin harris,Calvin Harris,5GtQkJTQ01zxZ9xRuIBRyY,Summer,0.0211,0.596,222533,0.856,0.0178,4,0.141,-3.556,0,0.0346,127.949,4,0.743,33,electro
6YUTL4dYpB9xZO5qExPf05,Summer,8,82,False,Calvin Harris,84,23078931,edm,48zisMeiXniWLzOQghbPqS,Motion,2014-10-31,15,album,3.7,summer_calvin harris,Calvin Harris,5GtQkJTQ01zxZ9xRuIBRyY,Summer,0.0211,0.596,222533,0.856,0.0178,4,0.141,-3.556,0,0.0346,127.949,4,0.743,33,house
37sINbJZcFdHFAsVNsPq1i,Superheroes,2,76,False,The Script,74,8809453,,6yd9yk8nFcHalXzy7mgaDx,No Sound Without Silence,2014-09-15,11,album,4.09,superheroes_the script,The Script,51c0YDa7BZUiT79IwDZVkj,Superheroes,0.0021899999999999,0.491,245467,0.885,0.0,3,0.0741,-4.121,1,0.0395,166.99200000000002,4,0.6409999999999999,28,rock
7795WJLVKJoAyVoOtCWqXN,I'm Not The Only One,5,85,False,Sam Smith,81,26272346,soft pop,08jWgM4vSkTose4blKBWov,In The Lonely Hour,2014-05-26,10,album,3.98,i'm not the only one_sam smith,Sam Smith,3qVSFHTLwN1ASA77ERqIyn,I'm Not The Only One,0.486,0.675,241320,0.363,7.98e-06,5,0.0778,-10.65,1,0.0376,81.988,4,0.449,19,dance
7795WJLVKJoAyVoOtCWqXN,I'm Not The Only One,5,85,False,Sam Smith,81,26272346,soft pop,08jWgM4vSkTose4blKBWov,In The Lonely Hour,2014-05-26,10,album,3.98,i'm not the only one_sam smith,Sam Smith,3qVSFHTLwN1ASA77ERqIyn,I'm Not The Only One,0.486,0.675,241320,0.363,7.98e-06,5,0.0778,-10.65,1,0.0376,81.988,4,0.449,19,pop
62ke5zFUJN6RvtXZgVH0F8,Only Love Can Hurt Like This,4,80,False,Paloma Faith,64,1499294,,3jRG3qOfsSSW3SBdeBiIfC,A Perfect Contradiction (Outsiders' Expanded Edition),2014-03-10,24,album,3.88,only love can hurt like this_paloma faith,Paloma Faith,19bKzFSEs9WHJtIGNP8Cd3,Only Love Can Hurt Like This,0.0976,0.564,232893,0.885,0.0001199999999999,8,0.283,-4.509,1,0.0834,90.892,4,0.291,25,dance
0fioLzGM8ngbD1w6fMmm45,I'm Not The Only One,5,0,False,Sam Smith,81,26275803,soft pop,2Jg7JZ0ZXOGje1bkq7CVgK,In The Lonely Hour,2014-01-01,10,album,3.98,i'm not the only one_sam smith,Sam Smith,3qVSFHTLwN1ASA77ERqIyn,I'm Not The Only One,0.486,0.675,241320,0.363,7.98e-06,5,0.0778,-10.65,1,0.0376,81.988,4,0.449,19,dance
0fioLzGM8ngbD1w6fMmm45,I'm Not The Only One,5,0,False,Sam Smith,81,26275803,soft pop,2Jg7JZ0ZXOGje1bkq7CVgK,In The Lonely Hour,2014-01-01,10,album,3.98,i'm not the only one_sam smith,Sam Smith,3qVSFHTLwN1ASA77ERqIyn,I'm Not The Only One,0.486,0.675,241320,0.363,7.98e-06,5,0.0778,-10.65,1,0.0376,81.988,4,0.449,19,pop
6Z8R6UsFuGXGtiIxiD8ISb,Safe And Sound,1,13,False,Capital Cities,65,996785,,3WrufJir7I61NkvkDwxero,In A Tidal Wave Of Mystery (Deluxe Edition),2013-06-30,16,album,3.21,safe and sound_capital cities,Capital Cities,1BIpq5tRLqZdEVGM6kdgET,Safe And Sound,0.000213,0.652,203234,0.79,0.009,0,0.0584,-5.888999999999999,1,0.031,117.974,5,0.821,6,rock
0NlGoUyOJSuSHmngoibVAs,All I Want,2,79,False,Kodaline,66,3183968,,1ttGpGzOEi6JDDOHO4qD1y,In A Perfect World (Expanded Edition),2013-06-17,15,album,5.09,all i want_kodaline,Kodaline,35lPlu8ihWPCMi43L2qK6l,All I Want,0.113,0.1889999999999999,306600,0.427,0.0923,0,0.0579999999999999,-9.08,1,0.0449,187.212,3,0.158,32,rock
6LoQHIo74tOzQ8EsLEkhgF,Come & Get It,5,70,False,Selena Gomez,81,53260584,,3cGKAHAUhAaTTezK4GbBhQ,Stars Dance (Bonus Track Version),2013-01-01,13,album,3.86,come & get it_selena gomez,Selena Gomez,4yHcVmaqkC9gjUD36SHGOh,Come & Get It,0.00878,0.5329999999999999,232733,0.7490000000000001,0.000371,5,0.0682,-6.273,0,0.052,80.018,4,0.605,28,dance
6KuHjfXHkfnIjdmcIvt9r0,On Top Of The World,5,67,False,Imagine Dragons,85,58364373,,1rzDtYMpZDhRgKNigB467r,Night Visions (Deluxe),2012-09-04,16,album,3.16,on top of the world_imagine dragons,Imagine Dragons,4cnv4NZoRnyEo6E46XxRhP,On Top Of The World,0.0836,0.619,190474,0.865,5.74e-06,0,0.0874,-8.686,1,0.123,99.929,4,0.759,26,rock
4lCv7b86sLynZbXhfScfm2,Firework,4,70,False,Katy Perry,83,38400585,pop,5BvgP623rtvlc0HDcpzquz,Teenage Dream: The Complete Confection,2012-03-12,19,album,3.79,firework_katy perry,Katy Perry,0nG0wg5uTw3FmpNleYKj6Z,Firework,0.1639999999999999,0.636,227747,0.784,0.0,8,0.115,-6.335,1,0.0543,124.096,4,0.631,25,dance
3AGOgQzp0YcPH41u9p7dOp,Glad You Came,1,59,False,The Wanted,61,2444220,,0NN3zv0dQ73NkBd8tM7wFj,The Wanted (Special Edition),2012-01-01,10,album,3.3,glad you came_the wanted,The Wanted,3s9BUjzYDIesX8PXqcWno3,Glad You Came,0.03,0.682,198933,0.753,1.48e-06,7,0.0967,-7.108,0,0.0656,126.911,4,0.48,35,rock
7w87IxuO7BDcJ3YUqCyMTT,Pumped Up Kicks,2,84,False,Foster The People,70,4025612,,7Kmmw7Z5D2UD5MVwdm10sT,Torches,2011-05-23,10,album,3.99,pumped up kicks_foster the people,Foster The People,0qcVzQKAVn7kYWJKRtXedl,Pumped Up Kicks,0.177,0.759,238147,0.62,0.139,5,0.089,-7.584,0,0.0293,128.151,4,0.935,29,indie
7w87IxuO7BDcJ3YUqCyMTT,Pumped Up Kicks,2,84,False,Foster The People,70,4025612,,7Kmmw7Z5D2UD5MVwdm10sT,Torches,2011-05-23,10,album,3.99,pumped up kicks_foster the people,Foster The People,0qcVzQKAVn7kYWJKRtXedl,Pumped Up Kicks,0.177,0.759,238147,0.62,0.139,5,0.089,-7.584,0,0.0293,128.151,4,0.935,29,rock
5yDL13y5giogKs2fSNf7sj,Glad You Came,1,76,False,The Wanted,61,2444259,,2hnaJ8ktG2FSP1EthsCo6N,Battleground (Deluxe Edition),2011-01-01,15,album,3.29,glad you came_the wanted,The Wanted,3s9BUjzYDIesX8PXqcWno3,Glad You Came,0.03,0.682,198933,0.753,1.48e-06,7,0.0967,-7.108,0,0.0656,126.911,4,0.48,35,rock
1OXfWI3FQMdsKKC6lkvzSx,Glad You Came,1,1,False,The Wanted,61,2444287,,2ZmXUoLcHfK4Y7WctcYk60,Glad You Came,2011-01-01,1,single,3.3,glad you came_the wanted,The Wanted,3s9BUjzYDIesX8PXqcWno3,Glad You Came,0.03,0.682,198933,0.753,1.48e-06,7,0.0967,-7.108,0,0.0656,126.911,4,0.48,35,rock
4HlFJV71xXKIGcU3kRyttv,"Hey, Soul Sister",2,81,False,Train,70,4516207,soft pop,1CwXS6MAz8Wo7K4TzW9iuR,"Save Me, San Francisco (Golden Gate Edition)",2010-12-01,19,album,3.61,"hey, soul sister_train",Train,5SFJRXA0zX2xFIZHBXcnI5,"Hey, Soul Sister",0.17,0.67,216907,0.868,0.0,1,0.0826,-5.566,0,0.0417,97.053,4,0.772,53,rock
1mXuMM6zjPgjL4asbBsgnt,Firework,4,69,False,Katy Perry,83,38409786,pop,06SY6Ke6mXzZHhURLVU57R,Teenage Dream,2010-08-24,17,album,3.79,firework_katy perry,Katy Perry,0nG0wg5uTw3FmpNleYKj6Z,Firework,0.1639999999999999,0.636,227747,0.784,0.0,8,0.115,-6.335,1,0.0543,124.096,4,0.631,25,dance
0KpfYajJVVGgQ32Dby7e9i,"Hey, Soul Sister",1,2,False,Train,70,4515842,soft pop,5lTCUyQrKcSmcw5ULkt75O,"Hey, Soul Sister",2009-08-06,1,single,3.61,"hey, soul sister_train",Train,5SFJRXA0zX2xFIZHBXcnI5,"Hey, Soul Sister",0.17,0.67,216907,0.868,0.0,1,0.0826,-5.566,0,0.0417,97.053,4,0.772,53,rock
1FHNctV68GUNLgXclG2DtR,Dancing in the Moonlight,1,62,False,Toploader,61,121417,,3Yxy4ITyguWRkdXwrB9uC9,Dancing In The Moonlight: The Best Of Toploader,2009-04-22,15,compilation,3.88,dancing in the moonlight_toploader,Toploader,4IdDl9uvZBiI6C2A03sAIQ,Dancing in the Moonlight,0.0563,0.633,230120,0.805,0.0,10,0.341,-5.032,1,0.0356,119.404,4,0.85,40,alt-rock
49wOjOkS4pBK3PQnPnNYjb,Zombie,8,67,False,The Cranberries,76,5403309,,5zjZVqXPI7J5qtBsZMjlI8,Gold,2008-03-11,31,compilation,5.12,zombie_the cranberries,The Cranberries,6XKv6ZUpghrz96imZfpOX3,Zombie,0.0139,0.309,308293,0.64,0.00343,7,0.367,-8.915,1,0.034,166.96900000000002,4,0.2739999999999999,20,rock
3FtYbEfBqAlGO46NUDQSAt,Electric Feel,4,77,False,MGMT,73,3572246,indie,6mm1Skz3JE6AXneya9Nyiv,Oracular Spectacular,2007-12-14,10,album,3.82,electric feel_mgmt,MGMT,1LrWIKbzoNEIKLvXrpRBRE,Electric Feel,0.0714,0.763,229640,0.807,0.28,1,0.348,-3.714,1,0.035,103.038,3,0.5589999999999999,29,alt-rock
3FtYbEfBqAlGO46NUDQSAt,Electric Feel,4,77,False,MGMT,73,3572246,indie,6mm1Skz3JE6AXneya9Nyiv,Oracular Spectacular,2007-12-14,10,album,3.82,electric feel_mgmt,MGMT,1LrWIKbzoNEIKLvXrpRBRE,Electric Feel,0.0714,0.763,229640,0.807,0.28,1,0.348,-3.714,1,0.035,103.038,3,0.5589999999999999,29,alternative
4SRqDmPxYX0pUb5B5ut2Ri,So Sick,3,1,False,Ne-Yo,80,10217787,,1WO7bigEZckVrkzPBjAsiQ,In My Own Words,2006-01-01,13,album,3.45,so sick_ne-yo,Ne-Yo,0rVJlw77acDkwhslTpsKey,So Sick,0.209,0.596,207907,0.595,0.0,6,0.163,-9.264,1,0.267,94.848,4,0.562,25,dance
3RlsVPIIs5KFhLFhxZ4iDF,Rockstar,11,65,False,Nickelback,78,7846032,"post-grunge, rock",74qGFpCx9XpFaZUnqqdDtb,All the Right Reasons (Walmart Exclusive Edition),2005-09-26,15,album,4.2,rockstar_nickelback,Nickelback,5tvMYQQzCiZip5ppgcBG6g,Rockstar,0.0459,0.616,252040,0.91,0.0,0,0.3429999999999999,-3.004,1,0.0386,144.07299999999998,4,0.693,26,alt-rock
3RlsVPIIs5KFhLFhxZ4iDF,Rockstar,11,65,False,Nickelback,78,7846032,"post-grunge, rock",74qGFpCx9XpFaZUnqqdDtb,All the Right Reasons (Walmart Exclusive Edition),2005-09-26,15,album,4.2,rockstar_nickelback,Nickelback,5tvMYQQzCiZip5ppgcBG6g,Rockstar,0.0459,0.616,252040,0.91,0.0,0,0.3429999999999999,-3.004,1,0.0386,144.07299999999998,4,0.693,26,alternative
4RCWB3V8V0dignt99LZ8vH,Hey There Delilah,13,79,False,Plain White T's,62,1345390,,4vUClKTFaDWnsHE8rK52GY,All That We Needed,2005-01-25,13,album,3.87,hey there delilah_plain white t's,Plain White T's,7kdXxAndKv40FvHrkGfNZl,Hey There Delilah,0.872,0.657,232533,0.291,0.0,2,0.114,-10.572,1,0.0293,103.973,4,0.298,9,rock
3NLrRZoMF0Lx6zTlYqeIo4,Here Without You,6,79,False,3 Doors Down,71,4909653,post-grunge,72olNArm75vOycSziqIX9Y,Away From The Sun,2002-11-12,12,album,3.97,here without you_3 doors down,3 Doors Down,2STAS9h10PkbxXxD75TMn8,Here Without You,0.4679999999999999,0.588,236840,0.5,0.0,10,0.106,-7.555,0,0.0281,144.048,4,0.303,47,alt-rock
3NLrRZoMF0Lx6zTlYqeIo4,Here Without You,6,79,False,3 Doors Down,71,4909653,post-grunge,72olNArm75vOycSziqIX9Y,Away From The Sun,2002-11-12,12,album,3.97,here without you_3 doors down,3 Doors Down,2STAS9h10PkbxXxD75TMn8,Here Without You,0.4679999999999999,0.588,236840,0.5,0.0,10,0.106,-7.555,0,0.0281,144.048,4,0.303,47,alternative
3NLrRZoMF0Lx6zTlYqeIo4,Here Without You,6,79,False,3 Doors Down,71,4909653,post-grunge,72olNArm75vOycSziqIX9Y,Away From The Sun,2002-11-12,12,album,3.97,here without you_3 doors down,3 Doors Down,2STAS9h10PkbxXxD75TMn8,Here Without You,0.4679999999999999,0.588,236840,0.5,0.0,10,0.106,-7.555,0,0.0281,144.048,4,0.303,47,rock
5IXk34xSm6rxNgXkCveC3r,Here Without You,6,54,False,3 Doors Down,71,4909653,post-grunge,0wAf1LaMkHoLN7QL3Dv5fh,Away From The Sun,2002-01-01,14,album,3.97,here without you_3 doors down,3 Doors Down,2STAS9h10PkbxXxD75TMn8,Here Without You,0.4679999999999999,0.588,236840,0.5,0.0,10,0.106,-7.555,0,0.0281,144.048,4,0.303,47,alt-rock
5IXk34xSm6rxNgXkCveC3r,Here Without You,6,54,False,3 Doors Down,71,4909653,post-grunge,0wAf1LaMkHoLN7QL3Dv5fh,Away From The Sun,2002-01-01,14,album,3.97,here without you_3 doors down,3 Doors Down,2STAS9h10PkbxXxD75TMn8,Here Without You,0.4679999999999999,0.588,236840,0.5,0.0,10,0.106,-7.555,0,0.0281,144.048,4,0.303,47,alternative
5IXk34xSm6rxNgXkCveC3r,Here Without You,6,54,False,3 Doors Down,71,4909653,post-grunge,0wAf1LaMkHoLN7QL3Dv5fh,Away From The Sun,2002-01-01,14,album,3.97,here without you_3 doors down,3 Doors Down,2STAS9h10PkbxXxD75TMn8,Here Without You,0.4679999999999999,0.588,236840,0.5,0.0,10,0.106,-7.555,0,0.0281,144.048,4,0.303,47,rock
77NNZQSqzLNqh2A9JhLRkg,Don't Stop Believin',2,75,False,Journey,73,6510494,"aor, classic rock",5pfpXvoJtSIFrbPIoBEv3R,The Essential Journey,2001-10-16,32,compilation,4.14,don't stop believin'_journey,Journey,3DtK601PJiNPe8COo67unB,Don't Stop Believin',0.242,0.49,249653,0.723,0.0,4,0.371,-9.699,1,0.0408,119.022,4,0.485,64,rock
0gmbgwZ8iqyMPmXefof8Yf,How You Remind Me,2,85,False,Nickelback,78,7846032,"post-grunge, rock",5fKL7vMTXvhR9tov8Kqt3u,Silver Side Up,2001-09-11,10,album,3.73,how you remind me_nickelback,Nickelback,5ftO8ptNOz4C7hqKpsn3uv,How You Remind Me,0.00128,0.432,224173,0.795,0.0,10,0.1009999999999999,-4.023,1,0.0321,172.011,4,0.519,14,alt-rock
0gmbgwZ8iqyMPmXefof8Yf,How You Remind Me,2,85,False,Nickelback,78,7846032,"post-grunge, rock",5fKL7vMTXvhR9tov8Kqt3u,Silver Side Up,2001-09-11,10,album,3.73,how you remind me_nickelback,Nickelback,5ftO8ptNOz4C7hqKpsn3uv,How You Remind Me,0.00128,0.432,224173,0.795,0.0,10,0.1009999999999999,-4.023,1,0.0321,172.011,4,0.519,14,alternative
6ZOBP3NvffbU4SZcrnt1k6,Kryptonite,1,81,False,3 Doors Down,71,4907847,post-grunge,5gO2acKSOaJnP0Mcy8IpU6,The Better Life,2000-06-30,11,album,3.89,kryptonite_3 doors down,3 Doors Down,4h2wAqBUu9jaTAdrLttSRh,Kryptonite,0.24,0.608,235360,0.835,0.0,11,0.3,-6.157,0,0.0282,97.991,4,0.68,51,alt-rock
6ZOBP3NvffbU4SZcrnt1k6,Kryptonite,1,81,False,3 Doors Down,71,4907847,post-grunge,5gO2acKSOaJnP0Mcy8IpU6,The Better Life,2000-06-30,11,album,3.89,kryptonite_3 doors down,3 Doors Down,4h2wAqBUu9jaTAdrLttSRh,Kryptonite,0.24,0.608,235360,0.835,0.0,11,0.3,-6.157,0,0.0282,97.991,4,0.68,51,alternative
6ZOBP3NvffbU4SZcrnt1k6,Kryptonite,1,81,False,3 Doors Down,71,4907847,post-grunge,5gO2acKSOaJnP0Mcy8IpU6,The Better Life,2000-06-30,11,album,3.89,kryptonite_3 doors down,3 Doors Down,4h2wAqBUu9jaTAdrLttSRh,Kryptonite,0.24,0.608,235360,0.835,0.0,11,0.3,-6.157,0,0.0282,97.991,4,0.68,51,rock
3Fzlg5r1IjhLk2qRw667od,Dancing in the Moonlight,2,78,False,Toploader,61,121417,,2ww2PXKiHk7rNv26rjVJ5z,Onka's Big Moka,2000-06-30,12,album,3.87,dancing in the moonlight_toploader,Toploader,4IdDl9uvZBiI6C2A03sAIQ,Dancing in the Moonlight,0.0563,0.633,230120,0.805,0.0,10,0.341,-5.032,1,0.0356,119.404,4,0.85,40,alt-rock
3cfOd4CMv2snFaKAnMdnvK,All Star,5,78,False,Smash Mouth,64,1197682,,2kyTLcEZe6nc1s6ve0zW9P,Astro Lounge,1999-06-08,15,album,3.33,all star_smash mouth,Smash Mouth,3ysnAWWiD1wUP8sozkGaZi,All Star,0.0426,0.731,200622,0.8370000000000001,0.0,11,0.0905,-7.1,1,0.0322,104.025,4,0.7929999999999999,25,alt-rock
3cfOd4CMv2snFaKAnMdnvK,All Star,5,78,False,Smash Mouth,64,1197682,,2kyTLcEZe6nc1s6ve0zW9P,Astro Lounge,1999-06-08,15,album,3.33,all star_smash mouth,Smash Mouth,3ysnAWWiD1wUP8sozkGaZi,All Star,0.0426,0.731,200622,0.8370000000000001,0.0,11,0.0905,-7.1,1,0.0322,104.025,4,0.7929999999999999,25,alternative
6urCAbunOQI4bLhmGpX7iS,Don't Speak,10,80,False,No Doubt,68,3126833,,3VekjWskUut57hx6W9wqL8,Tragic Kingdom,1995-10-10,14,album,4.39,don't speak_no doubt,No Doubt,3OaY8xPoKDN1FzSB9eHxyR,Don't Speak,0.265,0.487,266080,0.64,2.23e-05,5,0.0921,-9.21,0,0.0327,152.067,4,0.59,17,alt-rock
6urCAbunOQI4bLhmGpX7iS,Don't Speak,10,80,False,No Doubt,68,3126833,,3VekjWskUut57hx6W9wqL8,Tragic Kingdom,1995-10-10,14,album,4.39,don't speak_no doubt,No Doubt,3OaY8xPoKDN1FzSB9eHxyR,Don't Speak,0.265,0.487,266080,0.64,2.23e-05,5,0.0921,-9.21,0,0.0327,152.067,4,0.59,17,alternative
1Eb90nmqTrxylKFhcUzW8P,(Everything I Do) I Do It For You,12,77,False,Bryan Adams,75,4781161,,6Rk2VghhfqeYrgKxS21eBh,Waking Up The Neighbours,1991-09-24,15,album,6.56,(everything i do) i do it for you_bryan adams,Bryan Adams,6Rn1yIYQMjRlq1Rekz4MdO,(Everything I Do) I Do It For You,0.0825,0.518,394733,0.423,1.99e-05,1,0.0765,-10.137,1,0.0275,131.219,4,0.235,22,rock
2374M0fQpWi3dLnB54qaLX,Africa,10,86,False,TOTO,73,3718127,"yacht rock, soft rock",62U7xIHcID94o20Of5ea4D,Toto IV,1982-04-08,10,album,4.93,africa_toto,Toto,6QZo2TgclkUMwJgggi8QSQ,Africa,0.182,0.682,295347,0.584,0.000107,9,0.0468,-9.507,1,0.031,92.793,4,0.7090000000000001,46,rock
3SdTKo2uVsxFblQjpScoHy,Stand By Me,7,77,False,Ben E. King,65,711539,,18Fj7coTfyMi7mEPXIweN7,Don't Play That Song (Mono),1962-08-20,12,album,3.0,stand by me_ben e. king,Ben E. King,26Da3bpk18YxFIqmUyL3VA,Stand By Me,0.57,0.65,180056,0.306,7.07e-06,9,0.0707,-9.443,1,0.0393,118.068,4,0.605,11,rock
